IdProd	IdEleve	IdClasse	Niv	LongProd	IdTokNorm	Lemme	Catégorie	SegNorm	SegTrans	IdTokTrans	IdSegTrans	StatutErreur	StatutSegm	Genre	Nombre	Infover	baseAtt	flexGenreAtt	flexNbAtt	baseProd	flexGenreProd	flexNbProd	ErrBase	ErrFlexGenre	ErrFlexNb
CO-3e-2018-VTAC305-D1-R9-V1_3EME	CO-3e-2018-VTAC305-D1-R9-V1		3EME	500	8	jeune	ADJ	jeune	jeune	8	1	01-Normé	01-Normé	_	s	_	jeune	_	_	jeune	_	_	0	0	0
CO-3e-2018-VTAC305-D1-R9-V1_3EME	CO-3e-2018-VTAC305-D1-R9-V1		3EME	500	17	petit	ADJ	petite	petite	17	1	01-Normé	01-Normé	f	s	_	petit	e	_	petit	e	_	0	0	0
CO-3e-2018-VTAC305-D1-R9-V1_3EME	CO-3e-2018-VTAC305-D1-R9-V1		3EME	500	35	jeune	ADJ	jeune	jeune	35	1	01-Normé	01-Normé	_	s	_	jeune	_	_	jeune	_	_	0	0	0
CO-3e-2018-VTAC305-D1-R9-V1_3EME	CO-3e-2018-VTAC305-D1-R9-V1		3EME	500	93	français	ADJ	français	français	93	1	01-Normé	01-Normé	m	_	_	français	_	_	français	_	_	0	0	0
CO-3e-2018-VTAC305-D1-R9-V1_3EME	CO-3e-2018-VTAC305-D1-R9-V1		3EME	500	358	obscur	ADJ	obscure	obscure	358	1	01-Normé	01-Normé	f	s	_	obscur	e	_	obscur	e	_	0	0	0
CO-3e-2018-VTAC305-D1-R9-V1_3EME	CO-3e-2018-VTAC305-D1-R9-V1		3EME	500	360	étroit	ADJ	étroite	étroite	360	1	01-Normé	01-Normé	f	s	_	étroit	e	_	étroit	e	_	0	0	0
CO-3e-2018-VTAC305-D1-R9-V1_3EME	CO-3e-2018-VTAC305-D1-R9-V1		3EME	500	362	effrayant	ADJ	effrayante	effrayante	362	1	01-Normé	01-Normé	f	s	_	effrayant	e	_	effrayant	e	_	0	0	0
CO-3e-2018-VTAC305-D1-R9-V1_3EME	CO-3e-2018-VTAC305-D1-R9-V1		3EME	500	423	grand	ADJ	grand	grand	423	1	01-Normé	01-Normé	m	s	_	grand	_	_	grand	_	_	0	0	0
CO-3e-2018-VTAC305-D1-R9-V1_3EME	CO-3e-2018-VTAC305-D1-R9-V1		3EME	500	445	possible	ADJ	possible	possible	445	1	01-Normé	01-Normé	_	s	_	possible	_	_	possible	_	_	0	0	0
CO-3e-2018-FSBJC6-D1-R4-V1_3EME	CO-3e-2018-FSBJC6-D1-R4-V1		3EME	620	10	joli	ADJ	joli	joli	10	1	01-Normé	01-Normé	m	s	_	joli	_	_	joli	_	_	0	0	0
CO-3e-2018-FSBJC6-D1-R4-V1_3EME	CO-3e-2018-FSBJC6-D1-R4-V1		3EME	620	19	étrange	ADJ	étrange	étrange	19	1	01-Normé	01-Normé	_	s	_	étrange	_	_	étrange	_	_	0	0	0
CO-3e-2018-FSBJC6-D1-R4-V1_3EME	CO-3e-2018-FSBJC6-D1-R4-V1		3EME	620	29	innocent	ADJ	innocent	innocent	29	1	01-Normé	01-Normé	m	s	_	innocent	_	_	innocent	_	_	0	0	0
CO-3e-2018-FSBJC6-D1-R4-V1_3EME	CO-3e-2018-FSBJC6-D1-R4-V1		3EME	620	38	juste	ADJ	juste	juste	38	1	01-Normé	01-Normé	_	s	_	juste	_	_	juste	_	_	0	0	0
CO-3e-2018-FSBJC6-D1-R4-V1_3EME	CO-3e-2018-FSBJC6-D1-R4-V1		3EME	620	94	grand	ADJ	grande	grande	94	1	01-Normé	01-Normé	f	s	_	grand	e	_	grand	e	_	0	0	0
CO-3e-2018-FSBJC6-D1-R4-V1_3EME	CO-3e-2018-FSBJC6-D1-R4-V1		3EME	620	99	seul	ADJ	seule	seule	99	1	01-Normé	01-Normé	f	s	_	seul	e	_	seul	e	_	0	0	0
CO-3e-2018-FSBJC6-D1-R4-V1_3EME	CO-3e-2018-FSBJC6-D1-R4-V1		3EME	620	130	vieux	ADJ	vieille	vieille	130	1	01-Normé	01-Normé	f	s	_	vieill	e	_	vieill	e	_	0	0	0
CO-3e-2018-FSBJC6-D1-R4-V1_3EME	CO-3e-2018-FSBJC6-D1-R4-V1		3EME	620	142	même	ADJ	même	même	142	1	01-Normé	01-Normé	_	s	_	même	_	_	même	_	_	0	0	0
CO-3e-2018-FSBJC6-D1-R4-V1_3EME	CO-3e-2018-FSBJC6-D1-R4-V1		3EME	620	150	mécanique	ADJ	mécanique	mécanique	150	1	01-Normé	01-Normé	_	s	_	mécanique	_	_	mécanique	_	_	0	0	0
CO-3e-2018-FSBJC6-D1-R4-V1_3EME	CO-3e-2018-FSBJC6-D1-R4-V1		3EME	620	180	primaire	ADJ	primaire	primaire	180	1	01-Normé	01-Normé	_	s	_	primaire	_	_	primaire	_	_	0	0	0
CO-3e-2018-FSBJC6-D1-R4-V1_3EME	CO-3e-2018-FSBJC6-D1-R4-V1		3EME	620	190	autre	ADJ	autres	autres	190	1	01-Normé	01-Normé	_	p	_	autre	_	s	autre	_	s	0	0	0
CO-3e-2018-FSBJC6-D1-R4-V1_3EME	CO-3e-2018-FSBJC6-D1-R4-V1		3EME	620	207	grand	ADJ	grande	grande	207	1	01-Normé	01-Normé	f	s	_	grand	e	_	grand	e	_	0	0	0
CO-3e-2018-FSBJC6-D1-R4-V1_3EME	CO-3e-2018-FSBJC6-D1-R4-V1		3EME	620	225	venu	ADJ	venu	venu	225	1	01-Normé	01-Normé	m	s	_	venu	_	_	venu	_	_	0	0	0
CO-3e-2018-FSBJC6-D1-R4-V1_3EME	CO-3e-2018-FSBJC6-D1-R4-V1		3EME	620	250	violet	ADJ	violet	violet	250	1	01-Normé	01-Normé	m	s	_	violet	_	_	violet	_	_	0	0	0
CO-3e-2018-FSBJC6-D1-R4-V1_3EME	CO-3e-2018-FSBJC6-D1-R4-V1		3EME	620	271	fermé	ADJ	fermés	fermé	271	1	02-Phono	01-Normé	m	p	_	fermé	_	s	fermé	_	_	0	0	1
CO-3e-2018-FSBJC6-D1-R4-V1_3EME	CO-3e-2018-FSBJC6-D1-R4-V1		3EME	620	277	venu	ADJ	venu	venu	277	1	01-Normé	01-Normé	m	s	_	venu	_	_	venu	_	_	0	0	0
CO-3e-2018-FSBJC6-D1-R4-V1_3EME	CO-3e-2018-FSBJC6-D1-R4-V1		3EME	620	336	mauvais	ADJ	mauvaise	mauvaise	336	1	01-Normé	01-Normé	f	s	_	mauvais	e	_	mauvais	e	_	0	0	0
CO-3e-2018-FSBJC6-D1-R4-V1_3EME	CO-3e-2018-FSBJC6-D1-R4-V1		3EME	620	358	autre	ADJ	autres	autres	358	1	01-Normé	01-Normé	_	p	_	autre	_	s	autre	_	s	0	0	0
CO-3e-2018-FSBJC6-D1-R4-V1_3EME	CO-3e-2018-FSBJC6-D1-R4-V1		3EME	620	381	flippant	ADJ	flippante	flippante	381	1	01-Normé	01-Normé	f	s	par:pre;	flippant	e	_	flippant	e	_	0	0	0
CO-3e-2018-FSBJC6-D1-R4-V1_3EME	CO-3e-2018-FSBJC6-D1-R4-V1		3EME	620	447	sûr	ADJ	sûr	sûr	447	1	01-Normé	01-Normé	m	s	_	sûr	_	_	sûr	_	_	0	0	0
CO-3e-2018-FSBJC6-D1-R4-V1_3EME	CO-3e-2018-FSBJC6-D1-R4-V1		3EME	620	461	sombre	ADJ	sombre	sombre	461	1	01-Normé	01-Normé	_	s	_	sombre	_	_	sombre	_	_	0	0	0
CO-3e-2018-FSBJC6-D1-R4-V1_3EME	CO-3e-2018-FSBJC6-D1-R4-V1		3EME	620	486	grand	ADJ	grand	grand	486	1	01-Normé	01-Normé	m	s	_	grand	_	_	grand	_	_	0	0	0
CO-3e-2018-FSBJC6-D1-R4-V1_3EME	CO-3e-2018-FSBJC6-D1-R4-V1		3EME	620	506	grand	ADJ	grand	grand	506	1	01-Normé	01-Normé	m	s	_	grand	_	_	grand	_	_	0	0	0
CO-3e-2018-FSBJC6-D1-R4-V1_3EME	CO-3e-2018-FSBJC6-D1-R4-V1		3EME	620	524	petit	ADJ	petit	petit	524	1	01-Normé	01-Normé	m	s	_	petit	_	_	petit	_	_	0	0	0
CO-3e-2018-FSBJC6-D1-R4-V1_3EME	CO-3e-2018-FSBJC6-D1-R4-V1		3EME	620	550	gamin	ADJ	gamin	gamin	550	1	01-Normé	01-Normé	m	s	_
CO-3e-2018-FSBJC6-D1-R4-V1_3EME	CO-3e-2018-FSBJC6-D1-R4-V1		3EME	620	564	petit	ADJ	petit	petit	564	1	01-Normé	01-Normé	m	s	_	petit	_	_	petit	_	_	0	0	0
CO-3e-2018-FSBJC6-D1-R4-V1_3EME	CO-3e-2018-FSBJC6-D1-R4-V1		3EME	620	568	violet	ADJ	violet	violet	568	1	01-Normé	01-Normé	m	s	_	violet	_	_	violet	_	_	0	0	0
CO-3e-2018-FSBJC6-D1-R4-V1_3EME	CO-3e-2018-FSBJC6-D1-R4-V1		3EME	620	575	vieux	ADJ	vieille	vielle	575	1	04-ApproxGraphique	01-Normé	f	s	_	vieill	e	_	viell	e	_	1	0	0
CO-3e-2018-FSBJC6-D1-R4-V1_3EME	CO-3e-2018-FSBJC6-D1-R4-V1		3EME	620	606	bleu	ADJ	bleues	bleu	606	1	02-Phono	01-Normé	f	p	_	bleu	e	s	bleu	_	_	0	1	1
CO-3e-2018-VTAC305-D1-R3-V1_3EME	CO-3e-2018-VTAC305-D1-R3-V1		3EME	289	9	français	ADJ	française	française	9	1	01-Normé	01-Normé	f	s	_	français	e	_	français	e	_	0	0	0
CO-3e-2018-VTAC305-D1-R3-V1_3EME	CO-3e-2018-VTAC305-D1-R3-V1		3EME	289	14	petit	ADJ	petit	petit	14	1	01-Normé	01-Normé	m	s	_	petit	_	_	petit	_	_	0	0	0
CO-3e-2018-VTAC305-D1-R3-V1_3EME	CO-3e-2018-VTAC305-D1-R3-V1		3EME	289	19	fin	ADJ	fin	fin	19	1	01-Normé	01-Normé	m	s	_	fin	_	_	fin	_	_	0	0	0
CO-3e-2018-VTAC305-D1-R3-V1_3EME	CO-3e-2018-VTAC305-D1-R3-V1		3EME	289	27	nouveau	ADJ	nouvelle	nouvelle	27	1	01-Normé	01-Normé	f	s	_	nouvell	e	_	nouvell	e	_	0	0	0
CO-3e-2018-VTAC305-D1-R3-V1_3EME	CO-3e-2018-VTAC305-D1-R3-V1		3EME	289	34	âgé	ADJ	âgée	agée	34	1	02-Phono	01-Normé	f	s	_	âgé	e	_	agé	e	_	1	0	0
CO-3e-2018-VTAC305-D1-R3-V1_3EME	CO-3e-2018-VTAC305-D1-R3-V1		3EME	289	80	transparent	ADJ	transparente	transparante	80	1	02-Phono	01-Normé	f	s	_	transparent	e	_	transparant	e	_	1	0	0
CO-3e-2018-VTAC305-D1-R3-V1_3EME	CO-3e-2018-VTAC305-D1-R3-V1		3EME	289	100	étrange	ADJ	étrange	étrange	100	1	01-Normé	01-Normé	_	s	_	étrange	_	_	étrange	_	_	0	0	0
CO-3e-2018-VTAC305-D1-R3-V1_3EME	CO-3e-2018-VTAC305-D1-R3-V1		3EME	289	193	blanc	ADJ	blanche	blanche	193	1	01-Normé	01-Normé	f	s	_	blanch	e	_	blanch	e	_	0	0	0
CO-3e-2018-VTAC305-D1-R3-V1_3EME	CO-3e-2018-VTAC305-D1-R3-V1		3EME	289	201	grand	ADJ	grand	grand	201	1	01-Normé	01-Normé	m	s	_	grand	_	_	grand	_	_	0	0	0
CO-3e-2018-VTAC305-D1-R3-V1_3EME	CO-3e-2018-VTAC305-D1-R3-V1		3EME	289	255	horrible	ADJ	horrible	horrible	255	1	01-Normé	01-Normé	_	s	_	horrible	_	_	horrible	_	_	0	0	0
CO-3e-2018-VTAC305-D1-R3-V1_3EME	CO-3e-2018-VTAC305-D1-R3-V1		3EME	289	268	étrange	ADJ	étrange	étrange	268	1	01-Normé	01-Normé	_	s	_	étrange	_	_	étrange	_	_	0	0	0
CO-3e-2016-VTAC305-D1-R20-V1_3EME	CO-3e-2016-VTAC305-D1-R20-V1		3EME	295	55	inhabituel	ADJ	inhabituelles	inhabituel	55	1	02-Phono	01-Normé	f	p	_	inhabituell	e	s	inhabituel	_	_	1	1	1
CO-3e-2016-VTAC305-D1-R20-V1_3EME	CO-3e-2016-VTAC305-D1-R20-V1		3EME	295	71	seul	ADJ	seule	seule	71	1	01-Normé	01-Normé	f	s	_	seul	e	_	seul	e	_	0	0	0
CO-3e-2016-VTAC305-D1-R20-V1_3EME	CO-3e-2016-VTAC305-D1-R20-V1		3EME	295	83	étrange	ADJ	étrange	ètrange	83	1	03-Archi	01-Normé	_	s	_	étrange	_	_	ètrange	_	_	1	0	0
CO-3e-2016-VTAC305-D1-R20-V1_3EME	CO-3e-2016-VTAC305-D1-R20-V1		3EME	295	127	seul	ADJ	seule	seule	127	1	01-Normé	01-Normé	f	s	_	seul	e	_	seul	e	_	0	0	0
CO-3e-2016-VTAC305-D1-R20-V1_3EME	CO-3e-2016-VTAC305-D1-R20-V1		3EME	295	170	suivant	ADJ	suivante	suivante	170	1	01-Normé	01-Normé	f	s	_	suivant	e	_	suivant	e	_	0	0	0
CO-3e-2016-VTAC305-D1-R20-V1_3EME	CO-3e-2016-VTAC305-D1-R20-V1		3EME	295	221	grand	ADJ	grand	grand	221	1	01-Normé	01-Normé	m	s	_	grand	_	_	grand	_	_	0	0	0
CO-3e-2016-VTAC305-D1-R20-V1_3EME	CO-3e-2016-VTAC305-D1-R20-V1		3EME	295	230	grand	ADJ	grand	grand	230	1	01-Normé	01-Normé	m	s	_	grand	_	_	grand	_	_	0	0	0
CO-3e-2016-VTAC305-D1-R19-V1_3EME	CO-3e-2016-VTAC305-D1-R19-V1		3EME	251	8	content	ADJ	contente	content	10	1	04-ApproxGraphique	01-Normé	f	s	_	content	e	_	content	_	_	0	1	0
CO-3e-2016-VTAC305-D1-R19-V1_3EME	CO-3e-2016-VTAC305-D1-R19-V1		3EME	251	24	impatient	ADJ	impatiente	impatiente	26	1	01-Normé	01-Normé	f	s	_	impatient	e	_	impatient	e	_	0	0	0
CO-3e-2016-VTAC305-D1-R19-V1_3EME	CO-3e-2016-VTAC305-D1-R19-V1		3EME	251	99	moindre	ADJ	moindres	moindre	101	1	02-Phono	01-Normé	_	p	_	moindre	_	s	moindre	_	_	0	0	1
CO-3e-2016-VTAC305-D1-R19-V1_3EME	CO-3e-2016-VTAC305-D1-R19-V1		3EME	251	122	noir	ADJ	noire	noir	124	1	02-Phono	01-Normé	f	s	_	noir	e	_	noir	_	_	0	1	0
CO-3e-2016-VTAC305-D1-R19-V1_3EME	CO-3e-2016-VTAC305-D1-R19-V1		3EME	251	137	courageux	ADJ	courageuse	courageuse	139	1	01-Normé	01-Normé	f	s	_	courageus	e	_	courageus	e	_	0	0	0
CO-3e-2016-VTAC305-D1-R19-V1_3EME	CO-3e-2016-VTAC305-D1-R19-V1		3EME	251	154	juste	ADJ	juste	juste	156	1	01-Normé	01-Normé	_	s	_	juste	_	_	juste	_	_	0	0	0
CO-3e-2016-VTAC305-D1-R19-V1_3EME	CO-3e-2016-VTAC305-D1-R19-V1		3EME	251	160	juste	ADJ	juste	juste	162	1	01-Normé	01-Normé	_	s	_	juste	_	_	juste	_	_	0	0	0
CO-3e-2016-VTAC305-D1-R19-V1_3EME	CO-3e-2016-VTAC305-D1-R19-V1		3EME	251	174	grand	ADJ	grand	grand	176	1	01-Normé	01-Normé	m	s	_	grand	_	_	grand	_	_	0	0	0
CO-3e-2016-VTAC305-D1-R19-V1_3EME	CO-3e-2016-VTAC305-D1-R19-V1		3EME	251	193	surnaturel	ADJ	surnaturel	surnaturel	195	1	01-Normé	01-Normé	m	s	_	surnaturel	_	_	surnaturel	_	_	0	0	0
CO-3e-2016-VTAC305-D1-R19-V1_3EME	CO-3e-2016-VTAC305-D1-R19-V1		3EME	251	225	vide	ADJ	vides	vide	227	1	02-Phono	01-Normé	_	p	_	vide	_	s	vide	_	_	0	0	1
CO-3e-2016-VTAC305-D1-R19-V1_3EME	CO-3e-2016-VTAC305-D1-R19-V1		3EME	251	226	inquiet	ADJ	inquiets	inquiet	228	1	04-ApproxGraphique	01-Normé	m	p	_	inquiet	_	s	inquiet	_	_	0	0	1
CO-3e-2016-VTAC305-D1-R9-V1_3EME	CO-3e-2016-VTAC305-D1-R9-V1		3EME	350	3	jeune	ADJ	jeune	jeune	3	1	01-Normé	01-Normé	_	s	_	jeune	_	_	jeune	_	_	0	0	0
CO-3e-2016-VTAC305-D1-R9-V1_3EME	CO-3e-2016-VTAC305-D1-R9-V1		3EME	350	21	vieux	ADJ	vieille	vieille	21	1	01-Normé	01-Normé	f	s	_	vieill	e	_	vieill	e	_	0	0	0
CO-3e-2016-VTAC305-D1-R9-V1_3EME	CO-3e-2016-VTAC305-D1-R9-V1		3EME	350	51	vieux	ADJ	vieux	vieux	51	1	01-Normé	01-Normé	m	_	_	vieux	_	_	vieux	_	_	0	0	0
CO-3e-2016-VTAC305-D1-R9-V1_3EME	CO-3e-2016-VTAC305-D1-R9-V1		3EME	350	89	petit	ADJ	petits	petits	89	1	01-Normé	01-Normé	m	p	_	petit	_	s	petit	_	s	0	0	0
CO-3e-2016-VTAC305-D1-R9-V1_3EME	CO-3e-2016-VTAC305-D1-R9-V1		3EME	350	101	sombre	ADJ	sombres	sombre	101	1	02-Phono	01-Normé	_	p	_	sombre	_	s	sombre	_	_	0	0	1
CO-3e-2016-VTAC305-D1-R9-V1_3EME	CO-3e-2016-VTAC305-D1-R9-V1		3EME	350	131	fantastique	ADJ	fantastiques	fantastique	131	1	02-Phono	01-Normé	_	p	_	fantastique	_	s	fantastique	_	_	0	0	1
CO-3e-2016-VTAC305-D1-R9-V1_3EME	CO-3e-2016-VTAC305-D1-R9-V1		3EME	350	150	petit	ADJ	petits	petits	150	1	01-Normé	01-Normé	m	p	_	petit	_	s	petit	_	s	0	0	0
CO-3e-2016-VTAC305-D1-R9-V1_3EME	CO-3e-2016-VTAC305-D1-R9-V1		3EME	350	180	jeune	ADJ	jeune	jeune	180	1	01-Normé	01-Normé	_	s	_	jeune	_	_	jeune	_	_	0	0	0
CO-3e-2016-VTAC305-D1-R9-V1_3EME	CO-3e-2016-VTAC305-D1-R9-V1		3EME	350	266	grand	ADJ	grand	grand	266	1	01-Normé	01-Normé	m	s	_	grand	_	_	grand	_	_	0	0	0
CO-3e-2016-VTAC305-D1-R9-V1_3EME	CO-3e-2016-VTAC305-D1-R9-V1		3EME	350	304	gros	ADJ	gros	gros	304	1	01-Normé	01-Normé	m	_	_	gros	_	_	gros	_	_	0	0	0
CO-3e-2018-VTAC305-D1-R2-V1_3EME	CO-3e-2018-VTAC305-D1-R2-V1		3EME	524	93	vieux	ADJ	vieux	vieux	93	1	01-Normé	01-Normé	m	_	_	vieux	_	_	vieux	_	_	0	0	0
CO-3e-2018-VTAC305-D1-R2-V1_3EME	CO-3e-2018-VTAC305-D1-R2-V1		3EME	524	95	boueux	ADJ	boueux	boueux	95	1	01-Normé	01-Normé	m	_	_	boueux	_	_	boueux	_	_	0	0	0
CO-3e-2018-VTAC305-D1-R2-V1_3EME	CO-3e-2018-VTAC305-D1-R2-V1		3EME	524	97	glissant	ADJ	glissant	glissant	97	1	01-Normé	01-Normé	m	s	_	glissant	_	_	glissant	_	_	0	0	0
CO-3e-2018-VTAC305-D1-R2-V1_3EME	CO-3e-2018-VTAC305-D1-R2-V1		3EME	524	129	sûr	ADJ	sûre	sûre	129	1	01-Normé	01-Normé	f	s	_	sûr	e	_	sûr	e	_	0	0	0
CO-3e-2018-VTAC305-D1-R2-V1_3EME	CO-3e-2018-VTAC305-D1-R2-V1		3EME	524	134	bon	ADJ	bon	bon	134	1	01-Normé	01-Normé	m	s	_	bon	_	_	bon	_	_	0	0	0
CO-3e-2018-VTAC305-D1-R2-V1_3EME	CO-3e-2018-VTAC305-D1-R2-V1		3EME	524	148	juste	ADJ	juste	juste	148	1	01-Normé	01-Normé	_	s	_	juste	_	_	juste	_	_	0	0	0
CO-3e-2018-VTAC305-D1-R2-V1_3EME	CO-3e-2018-VTAC305-D1-R2-V1		3EME	524	174	fameux	ADJ	fameuse	fameuse	174	1	01-Normé	01-Normé	f	s	_	fameus	e	_	fameus	e	_	0	0	0
CO-3e-2018-VTAC305-D1-R2-V1_3EME	CO-3e-2018-VTAC305-D1-R2-V1		3EME	524	205	sérieux	ADJ	sérieux	sérieux	206	1	01-Normé	01-Normé	m	_	_	sérieux	_	_	sérieux	_	_	0	0	0
CO-3e-2018-VTAC305-D1-R2-V1_3EME	CO-3e-2018-VTAC305-D1-R2-V1		3EME	524	217	ancien	ADJ	ancienne	ancienne	218	1	01-Normé	01-Normé	f	s	_	ancienn	e	_	ancienn	e	_	0	0	0
CO-3e-2018-VTAC305-D1-R2-V1_3EME	CO-3e-2018-VTAC305-D1-R2-V1		3EME	524	257	seul	ADJ	seule	seule	258	1	01-Normé	01-Normé	f	s	_	seul	e	_	seul	e	_	0	0	0
CO-3e-2018-VTAC305-D1-R2-V1_3EME	CO-3e-2018-VTAC305-D1-R2-V1		3EME	524	300	énorme	ADJ	énorme	énorme	301	1	01-Normé	01-Normé	_	s	_	énorme	_	_	énorme	_	_	0	0	0
CO-3e-2018-VTAC305-D1-R2-V1_3EME	CO-3e-2018-VTAC305-D1-R2-V1		3EME	524	302	sourd	ADJ	sourd	sourd	303	1	01-Normé	01-Normé	m	s	_	sourd	_	_	sourd	_	_	0	0	0
CO-3e-2018-VTAC305-D1-R2-V1_3EME	CO-3e-2018-VTAC305-D1-R2-V1		3EME	524	317	grand	ADJ	grand	grand	318	1	01-Normé	01-Normé	m	s	_	grand	_	_	grand	_	_	0	0	0
CO-3e-2018-VTAC305-D1-R2-V1_3EME	CO-3e-2018-VTAC305-D1-R2-V1		3EME	524	370	cassé	ADJ	cassée	cassée	371	1	01-Normé	01-Normé	f	s	_	cassé	e	_	cassé	e	_	0	0	0
CO-3e-2018-VTAC305-D1-R2-V1_3EME	CO-3e-2018-VTAC305-D1-R2-V1		3EME	524	374	autre	ADJ	autres	autres	375	1	01-Normé	01-Normé	_	p	_	autre	_	s	autre	_	s	0	0	0
CO-3e-2018-VTAC305-D1-R2-V1_3EME	CO-3e-2018-VTAC305-D1-R2-V1		3EME	524	385	grand	ADJ	grande	grande	386	1	01-Normé	01-Normé	f	s	_	grand	e	_	grand	e	_	0	0	0
CO-3e-2018-VTAC305-D1-R2-V1_3EME	CO-3e-2018-VTAC305-D1-R2-V1		3EME	524	395	nauséabond	ADJ	nauséabonde	nauséabonde	396	1	01-Normé	01-Normé	f	s	_	nauséabond	e	_	nauséabond	e	_	0	0	0
CO-3e-2018-VTAC305-D1-R2-V1_3EME	CO-3e-2018-VTAC305-D1-R2-V1		3EME	524	401	même	ADJ	même	même	403	1	01-Normé	01-Normé	_	s	_	même	_	_	même	_	_	0	0	0
CO-3e-2018-VTAC305-D1-R2-V1_3EME	CO-3e-2018-VTAC305-D1-R2-V1		3EME	524	433	complet	ADJ	complet	complet	435	1	01-Normé	01-Normé	m	s	_	complet	_	_	complet	_	_	0	0	0
CO-3e-2018-VTAC305-D1-R2-V1_3EME	CO-3e-2018-VTAC305-D1-R2-V1		3EME	524	471	adolescent	ADJ	adolescents	adolescants	473	1	04-ApproxGraphique	01-Normé	m	p	_	adolescent	_	s	adolescant	_	s	1	0	0
CO-3e-2016-VTAC305-D1-R6-V1_3EME	CO-3e-2016-VTAC305-D1-R6-V1		3EME	278	4	petit	ADJ	petit	petit	4	1	01-Normé	01-Normé	m	s	_	petit	_	_	petit	_	_	0	0	0
CO-3e-2016-VTAC305-D1-R6-V1_3EME	CO-3e-2016-VTAC305-D1-R6-V1		3EME	278	18	vieux	ADJ	vieille	vieille	18	1	01-Normé	01-Normé	f	s	_	vieill	e	_	vieill	e	_	0	0	0
CO-3e-2016-VTAC305-D1-R6-V1_3EME	CO-3e-2016-VTAC305-D1-R6-V1		3EME	278	28	aîné	ADJ	aînée	aînée	28	1	01-Normé	01-Normé	f	s	_	aîné	e	_	aîné	e	_	0	0	0
CO-3e-2016-VTAC305-D1-R6-V1_3EME	CO-3e-2016-VTAC305-D1-R6-V1		3EME	278	32	petit	ADJ	petit	petit	32	1	01-Normé	01-Normé	m	s	_	petit	_	_	petit	_	_	0	0	0
CO-3e-2016-VTAC305-D1-R6-V1_3EME	CO-3e-2016-VTAC305-D1-R6-V1		3EME	278	38	vieux	ADJ	vieille	vieille	38	1	01-Normé	01-Normé	f	s	_	vieill	e	_	vieill	e	_	0	0	0
CO-3e-2016-VTAC305-D1-R6-V1_3EME	CO-3e-2016-VTAC305-D1-R6-V1		3EME	278	46	jeune	ADJ	jeune	jeune	46	1	01-Normé	01-Normé	_	s	_	jeune	_	_	jeune	_	_	0	0	0
CO-3e-2016-VTAC305-D1-R6-V1_3EME	CO-3e-2016-VTAC305-D1-R6-V1		3EME	278	115	sombre	ADJ	sombre	sombre	115	1	01-Normé	01-Normé	_	s	_	sombre	_	_	sombre	_	_	0	0	0
CO-3e-2016-VTAC305-D1-R6-V1_3EME	CO-3e-2016-VTAC305-D1-R6-V1		3EME	278	123	humide	ADJ	humide	humide	123	1	01-Normé	01-Normé	_	s	_	humide	_	_	humide	_	_	0	0	0
CO-3e-2016-VTAC305-D1-R6-V1_3EME	CO-3e-2016-VTAC305-D1-R6-V1		3EME	278	141	nombreux	ADJ	nombreux	nombreux	141	1	01-Normé	01-Normé	m	_	_	nombreux	_	_	nombreux	_	_	0	0	0
CO-3e-2016-VTAC305-D1-R6-V1_3EME	CO-3e-2016-VTAC305-D1-R6-V1		3EME	278	159	froid	ADJ	froide	froide	160	1	01-Normé	01-Normé	f	s	_	froid	e	_	froid	e	_	0	0	0
CO-3e-2016-VTAC305-D1-R6-V1_3EME	CO-3e-2016-VTAC305-D1-R6-V1		3EME	278	161	mouillé	ADJ	mouillée	mouillé	162	1	02-Phono	01-Normé	f	s	_	mouillé	e	_	mouillé	_	_	0	1	0
CO-3e-2016-VTAC305-D1-R6-V1_3EME	CO-3e-2016-VTAC305-D1-R6-V1		3EME	278	180	grand	ADJ	grand	grand	181	1	01-Normé	01-Normé	m	s	_	grand	_	_	grand	_	_	0	0	0
CO-3e-2016-VTAC305-D1-R6-V1_3EME	CO-3e-2016-VTAC305-D1-R6-V1		3EME	278	227	grand	ADJ	grande	grande	228	1	01-Normé	01-Normé	f	s	_	grand	e	_	grand	e	_	0	0	0
CO-3e-2016-VTAC305-D1-R6-V1_3EME	CO-3e-2016-VTAC305-D1-R6-V1		3EME	278	243	inimaginable	ADJ	inimaginable	inimaginable	244	1	01-Normé	01-Normé	_	s	_	inimaginable	_	_	inimaginable	_	_	0	0	0
CO-3e-2018-FSBJC6-D1-R14-V1_3EME	CO-3e-2018-FSBJC6-D1-R14-V1		3EME	472	16	paranormal	ADJ	paranormaux	paranormaux	16	1	01-Normé	01-Normé	m	p	_	paranorma	_	ux	paranorma	_	ux	0	0	0
CO-3e-2018-FSBJC6-D1-R14-V1_3EME	CO-3e-2018-FSBJC6-D1-R14-V1		3EME	472	35	âgé	ADJ	âgés	âgés	35	1	01-Normé	01-Normé	m	p	_	âgé	_	s	âgé	_	s	0	0	0
CO-3e-2018-FSBJC6-D1-R14-V1_3EME	CO-3e-2018-FSBJC6-D1-R14-V1		3EME	472	43	même	ADJ	même	même	43	1	01-Normé	01-Normé	_	s	_	même	_	_	même	_	_	0	0	0
CO-3e-2018-FSBJC6-D1-R14-V1_3EME	CO-3e-2018-FSBJC6-D1-R14-V1		3EME	472	53	absent	ADJ	absent	absent	53	1	01-Normé	01-Normé	m	s	_	absent	_	_	absent	_	_	0	0	0
CO-3e-2018-FSBJC6-D1-R14-V1_3EME	CO-3e-2018-FSBJC6-D1-R14-V1		3EME	472	87	bizarre	ADJ	bizarres	bizarres	87	1	01-Normé	01-Normé	_	p	_	bizarre	_	s	bizarre	_	s	0	0	0
CO-3e-2018-FSBJC6-D1-R14-V1_3EME	CO-3e-2018-FSBJC6-D1-R14-V1		3EME	472	103	affreux	ADJ	affreux	affreux	103	1	01-Normé	01-Normé	m	_	_	affreux	_	_	affreux	_	_	0	0	0
CO-3e-2018-FSBJC6-D1-R14-V1_3EME	CO-3e-2018-FSBJC6-D1-R14-V1		3EME	472	129	seul	ADJ	seul	seul	129	1	01-Normé	01-Normé	m	s	_	seul	_	_	seul	_	_	0	0	0
CO-3e-2018-FSBJC6-D1-R14-V1_3EME	CO-3e-2018-FSBJC6-D1-R14-V1		3EME	472	167	seul	ADJ	seule	seul	167	1	02-Phono	01-Normé	f	s	_	seul	e	_	seul	_	_	0	1	0
CO-3e-2018-FSBJC6-D1-R14-V1_3EME	CO-3e-2018-FSBJC6-D1-R14-V1		3EME	472	171	seul	ADJ	seule	seul	171	1	02-Phono	01-Normé	f	s	_	seul	e	_	seul	_	_	0	1	0
CO-3e-2018-FSBJC6-D1-R14-V1_3EME	CO-3e-2018-FSBJC6-D1-R14-V1		3EME	472	177	autre	ADJ	autres	autre	177	1	04-ApproxGraphique	01-Normé	_	p	_	autre	_	s	autre	_	_	0	0	1
CO-3e-2018-FSBJC6-D1-R14-V1_3EME	CO-3e-2018-FSBJC6-D1-R14-V1		3EME	472	193	proche	ADJ	proche	proche	193	1	01-Normé	01-Normé	_	s	_	proche	_	_	proche	_	_	0	0	0
CO-3e-2018-FSBJC6-D1-R14-V1_3EME	CO-3e-2018-FSBJC6-D1-R14-V1		3EME	472	205	dernier	ADJ	dernier	dernier	205	1	01-Normé	01-Normé	m	s	_	dernier	_	_	dernier	_	_	0	0	0
CO-3e-2018-FSBJC6-D1-R14-V1_3EME	CO-3e-2018-FSBJC6-D1-R14-V1		3EME	472	221	étrange	ADJ	étrange	étrange	221	1	01-Normé	01-Normé	_	s	_	étrange	_	_	étrange	_	_	0	0	0
CO-3e-2018-FSBJC6-D1-R14-V1_3EME	CO-3e-2018-FSBJC6-D1-R14-V1		3EME	472	389	proche	ADJ	proche	proche	388	1	01-Normé	01-Normé	_	s	_	proche	_	_	proche	_	_	0	0	0
CO-3e-2018-FSBJC6-D1-R14-V1_3EME	CO-3e-2018-FSBJC6-D1-R14-V1		3EME	472	411	grand	ADJ	grand	grand	411	1	01-Normé	01-Normé	m	s	_	grand	_	_	grand	_	_	0	0	0
CO-3e-2018-FSBJC6-D1-R14-V1_3EME	CO-3e-2018-FSBJC6-D1-R14-V1		3EME	472	434	double	ADJ	double	double	434	1	01-Normé	01-Normé	_	s	_	double	_	_	double	_	_	0	0	0
CO-3e-2018-FSBJC6-D1-R14-V1_3EME	CO-3e-2018-FSBJC6-D1-R14-V1		3EME	472	451	paranormal	ADJ	paranormales	paranormal	451	1	02-Phono	01-Normé	f	p	_	paranormal	e	s	paranormal	_	_	0	1	1
CO-3e-2016-VTAC305-D1-R12-V1_3EME	CO-3e-2016-VTAC305-D1-R12-V1		3EME	121	23	fort	ADJ	fortes	fortes	23	1	01-Normé	01-Normé	f	p	_	fort	e	s	fort	e	s	0	0	0
CO-3e-2016-VTAC305-D1-R12-V1_3EME	CO-3e-2016-VTAC305-D1-R12-V1		3EME	121	30	complice	ADJ	complices	complice	30	1	02-Phono	01-Normé	_	p	_	complice	_	s	complice	_	_	0	0	1
CO-3e-2016-VTAC305-D1-R12-V1_3EME	CO-3e-2016-VTAC305-D1-R12-V1		3EME	121	46	même	ADJ	même	même	46	1	01-Normé	01-Normé	_	s	_	même	_	_	même	_	_	0	0	0
CO-3e-2016-VTAC305-D1-R12-V1_3EME	CO-3e-2016-VTAC305-D1-R12-V1		3EME	121	59	prévu	ADJ	prévu	prévu	59	1	01-Normé	01-Normé	m	s	par:pas;	prévu	_	_	prévu	_	_	0	0	0
CO-3e-2016-VTAC305-D1-R12-V1_3EME	CO-3e-2016-VTAC305-D1-R12-V1		3EME	121	73	grand	ADJ	grand	grand	73	1	01-Normé	01-Normé	m	s	_	grand	_	_	grand	_	_	0	0	0
CO-3e-2016-VTAC305-D1-R12-V1_3EME	CO-3e-2016-VTAC305-D1-R12-V1		3EME	121	81	semblable	ADJ	semblable	semblable	81	1	01-Normé	01-Normé	_	s	_	semblable	_	_	semblable	_	_	0	0	0
CO-3e-2018-FSBJC6-D1-R8-V1_3EME	CO-3e-2018-FSBJC6-D1-R8-V1		3EME	473	16	grand	ADJ	grande	grande	16	1	01-Normé	01-Normé	f	s	_	grand	e	_	grand	e	_	0	0	0
CO-3e-2018-FSBJC6-D1-R8-V1_3EME	CO-3e-2018-FSBJC6-D1-R8-V1		3EME	473	29	grand	ADJ	grand	grand	29	1	01-Normé	01-Normé	m	s	_	grand	_	_	grand	_	_	0	0	0
CO-3e-2018-FSBJC6-D1-R8-V1_3EME	CO-3e-2018-FSBJC6-D1-R8-V1		3EME	473	36	immense	ADJ	immenses	immences	36	1	02-Phono	01-Normé	_	p	_	immense	_	s	immence	_	s	1	0	0
CO-3e-2018-FSBJC6-D1-R8-V1_3EME	CO-3e-2018-FSBJC6-D1-R8-V1		3EME	473	42	noir	ADJ	noir	noir	42	1	01-Normé	01-Normé	m	s	_	noir	_	_	noir	_	_	0	0	0
CO-3e-2018-FSBJC6-D1-R8-V1_3EME	CO-3e-2018-FSBJC6-D1-R8-V1		3EME	473	59	petit	ADJ	petite	petite	59	1	01-Normé	01-Normé	f	s	_	petit	e	_	petit	e	_	0	0	0
CO-3e-2018-FSBJC6-D1-R8-V1_3EME	CO-3e-2018-FSBJC6-D1-R8-V1		3EME	473	121	inquiet	ADJ	inquiet	inquiet	121	1	01-Normé	01-Normé	m	s	_	inquiet	_	_	inquiet	_	_	0	0	0
CO-3e-2018-FSBJC6-D1-R8-V1_3EME	CO-3e-2018-FSBJC6-D1-R8-V1		3EME	473	127	sûr	ADJ	sûre	sure	127	1	02-Phono	01-Normé	f	s	_	sûr	e	_	sur	e	_	1	0	0
CO-3e-2018-FSBJC6-D1-R8-V1_3EME	CO-3e-2018-FSBJC6-D1-R8-V1		3EME	473	172	ouvert	ADJ	ouverte	ouverte	172	1	01-Normé	01-Normé	f	s	_	ouvert	e	_	ouvert	e	_	0	0	0
CO-3e-2018-FSBJC6-D1-R8-V1_3EME	CO-3e-2018-FSBJC6-D1-R8-V1		3EME	473	203	heureux	ADJ	heureuse	heureuse	203	1	01-Normé	01-Normé	f	s	_	heureus	e	_	heureus	e	_	0	0	0
CO-3e-2018-FSBJC6-D1-R8-V1_3EME	CO-3e-2018-FSBJC6-D1-R8-V1		3EME	473	211	bon	ADJ	bon	bon	211	1	01-Normé	01-Normé	m	s	_	bon	_	_	bon	_	_	0	0	0
CO-3e-2018-FSBJC6-D1-R8-V1_3EME	CO-3e-2018-FSBJC6-D1-R8-V1		3EME	473	239	roux	ADJ	rousse	rousse	239	1	01-Normé	01-Normé	f	s	_	rouss	e	_	rouss	e	_	0	0	0
CO-3e-2018-FSBJC6-D1-R8-V1_3EME	CO-3e-2018-FSBJC6-D1-R8-V1		3EME	473	333	petit	ADJ	petite	petite	333	1	01-Normé	01-Normé	f	s	_	petit	e	_	petit	e	_	0	0	0
CO-3e-2018-FSBJC6-D1-R8-V1_3EME	CO-3e-2018-FSBJC6-D1-R8-V1		3EME	473	348	rose	ADJ	rose	rose	348	1	01-Normé	01-Normé	_	s	_	rose	_	_	rose	_	_	0	0	0
CO-3e-2018-FSBJC6-D1-R8-V1_3EME	CO-3e-2018-FSBJC6-D1-R8-V1		3EME	473	361	grand	ADJ	grande	grande	361	1	01-Normé	01-Normé	f	s	_	grand	e	_	grand	e	_	0	0	0
CO-3e-2018-FSBJC6-D1-R8-V1_3EME	CO-3e-2018-FSBJC6-D1-R8-V1		3EME	473	365	double	ADJ	double	double	365	1	01-Normé	01-Normé	_	s	_	double	_	_	double	_	_	0	0	0
CO-3e-2018-FSBJC6-D1-R8-V1_3EME	CO-3e-2018-FSBJC6-D1-R8-V1		3EME	473	384	juste	ADJ	juste	juste	384	1	01-Normé	01-Normé	_	s	_	juste	_	_	juste	_	_	0	0	0
CO-3e-2018-FSBJC6-D1-R8-V1_3EME	CO-3e-2018-FSBJC6-D1-R8-V1		3EME	473	436	super	ADJ	super	super	436	1	01-Normé	01-Normé	_	s	_	super	_	_	super	_	_	0	0	0
CO-3e-2018-FSBJC6-D1-R8-V1_3EME	CO-3e-2018-FSBJC6-D1-R8-V1		3EME	473	446	blond	ADJ	blonde	blonde	446	1	01-Normé	01-Normé	f	s	_	blond	e	_	blond	e	_	0	0	0
CO-3e-2018-FSBJC6-D1-R8-V1_3EME	CO-3e-2018-FSBJC6-D1-R8-V1		3EME	473	450	droit	ADJ	droit	droit	450	1	01-Normé	01-Normé	m	s	_	droit	_	_	droit	_	_	0	0	0
CO-3e-2018-FSBJC6-D1-R8-V1_3EME	CO-3e-2018-FSBJC6-D1-R8-V1		3EME	473	464	drôle	ADJ	drôle	drôle	464	1	01-Normé	01-Normé	_	s	_	drôle	_	_	drôle	_	_	0	0	0
CO-3e-2018-FSBJC6-D1-R8-V1_3EME	CO-3e-2018-FSBJC6-D1-R8-V1		3EME	473	466	horrifique	ADJ	horrifique	horrifique	466	1	01-Normé	01-Normé	_	s	_	horrifique	_	_	horrifique	_	_	0	0	0
CO-3e-2018-FSBJC6-D1-R8-V1_3EME	CO-3e-2018-FSBJC6-D1-R8-V1		3EME	473	470	autre	ADJ	autres	autres	470	1	01-Normé	01-Normé	_	p	_	autre	_	s	autre	_	s	0	0	0
CO-3e-2016-VTAC305-D1-R4-V1_3EME	CO-3e-2016-VTAC305-D1-R4-V1		3EME	311	28	discret	ADJ	discrète	discrète	28	1	01-Normé	01-Normé	f	s	_	discrèt	e	_	discrèt	e	_	0	0	0
CO-3e-2016-VTAC305-D1-R4-V1_3EME	CO-3e-2016-VTAC305-D1-R4-V1		3EME	311	29	mystérieux	ADJ	mystérieuse	mystérieux	29	1	04-ApproxGraphique	01-Normé	f	s	_	mystérieus	e	_	mystérieux	_	_	1	1	0
CO-3e-2016-VTAC305-D1-R4-V1_3EME	CO-3e-2016-VTAC305-D1-R4-V1		3EME	311	36	seul	ADJ	seule	seule	36	1	01-Normé	01-Normé	f	s	_	seul	e	_	seul	e	_	0	0	0
CO-3e-2016-VTAC305-D1-R4-V1_3EME	CO-3e-2016-VTAC305-D1-R4-V1		3EME	311	40	seul	ADJ	seule	seul	40	1	02-Phono	01-Normé	f	s	_	seul	e	_	seul	_	_	0	1	0
CO-3e-2016-VTAC305-D1-R4-V1_3EME	CO-3e-2016-VTAC305-D1-R4-V1		3EME	311	80	mauvais	ADJ	mauvaise	mauvaise	80	1	01-Normé	01-Normé	f	s	_	mauvais	e	_	mauvais	e	_	0	0	0
CO-3e-2016-VTAC305-D1-R4-V1_3EME	CO-3e-2016-VTAC305-D1-R4-V1		3EME	311	94	plein	ADJ	plein	plein	94	1	01-Normé	01-Normé	m	s	_	plein	_	_	plein	_	_	0	0	0
CO-3e-2016-VTAC305-D1-R4-V1_3EME	CO-3e-2016-VTAC305-D1-R4-V1		3EME	311	101	festif	ADJ	festives	festives	101	1	01-Normé	01-Normé	f	p	_	festiv	e	s	festiv	e	s	0	0	0
CO-3e-2016-VTAC305-D1-R4-V1_3EME	CO-3e-2016-VTAC305-D1-R4-V1		3EME	311	178	grand	ADJ	grand	grand	178	1	01-Normé	01-Normé	m	s	_	grand	_	_	grand	_	_	0	0	0
CO-3e-2016-VTAC305-D1-R4-V1_3EME	CO-3e-2016-VTAC305-D1-R4-V1		3EME	311	190	voisin	ADJ	voisin	voisin	190	1	01-Normé	01-Normé	m	s	_	voisin	_	_	voisin	_	_	0	0	0
CO-3e-2016-VTAC305-D1-R4-V1_3EME	CO-3e-2016-VTAC305-D1-R4-V1		3EME	311	204	armé	ADJ	armé	armée	204	1	02-Phono	01-Normé	m	s	_	armé	_	_	armé	e	_	0	1	0
CO-3e-2016-VTAC305-D1-R4-V1_3EME	CO-3e-2016-VTAC305-D1-R4-V1		3EME	311	232	jeune	ADJ	jeunes	jeunes	232	1	01-Normé	01-Normé	_	p	_	jeune	_	s	jeune	_	s	0	0	0
CO-3e-2016-VTAC305-D1-R4-V1_3EME	CO-3e-2016-VTAC305-D1-R4-V1		3EME	311	245	critique	ADJ	critique	critique	245	1	01-Normé	01-Normé	_	s	_	critique	_	_	critique	_	_	0	0	0
CO-3e-2016-VTAC305-D1-R4-V1_3EME	CO-3e-2016-VTAC305-D1-R4-V1		3EME	311	247	vital	ADJ	vital	vital	247	1	01-Normé	01-Normé	m	s	_	vital	_	_	vital	_	_	0	0	0
CO-3e-2016-VTAC305-D1-R4-V1_3EME	CO-3e-2016-VTAC305-D1-R4-V1		3EME	311	259	vivant	ADJ	vivante	vivante	259	1	01-Normé	01-Normé	f	s	_	vivant	e	_	vivant	e	_	0	0	0
CO-3e-2016-VTAC305-D1-R4-V1_3EME	CO-3e-2016-VTAC305-D1-R4-V1		3EME	311	286	indemne	ADJ	indemne	indemne	286	1	01-Normé	01-Normé	_	s	_	indemne	_	_	indemne	_	_	0	0	0
CO-3e-2016-VTAC305-D1-R4-V1_3EME	CO-3e-2016-VTAC305-D1-R4-V1		3EME	311	295	bon	ADJ	bonne	bonne	295	1	01-Normé	01-Normé	f	s	_	bonn	e	_	bonn	e	_	0	0	0
CO-3e-2018-FSBJC6-D1-R2-V1_3EME	CO-3e-2018-FSBJC6-D1-R2-V1		3EME	370	7	jeune	ADJ	jeune	jeune	7	1	01-Normé	01-Normé	_	s	_	jeune	_	_	jeune	_	_	0	0	0
CO-3e-2018-FSBJC6-D1-R2-V1_3EME	CO-3e-2018-FSBJC6-D1-R2-V1		3EME	370	13	vieux	ADJ	vieille	vieille	13	1	01-Normé	01-Normé	f	s	_	vieill	e	_	vieill	e	_	0	0	0
CO-3e-2018-FSBJC6-D1-R2-V1_3EME	CO-3e-2018-FSBJC6-D1-R2-V1		3EME	370	103	jeune	ADJ	jeune	jeune	102	1	01-Normé	01-Normé	_	s	_	jeune	_	_	jeune	_	_	0	0	0
CO-3e-2018-FSBJC6-D1-R2-V1_3EME	CO-3e-2018-FSBJC6-D1-R2-V1		3EME	370	193	grand	ADJ	grand	grand	191	1	01-Normé	01-Normé	m	s	_	grand	_	_	grand	_	_	0	0	0
CO-3e-2018-FSBJC6-D1-R2-V1_3EME	CO-3e-2018-FSBJC6-D1-R2-V1		3EME	370	202	étrange	ADJ	étrange	étrange	200	1	01-Normé	01-Normé	_	s	_	étrange	_	_	étrange	_	_	0	0	0
CO-3e-2018-FSBJC6-D1-R2-V1_3EME	CO-3e-2018-FSBJC6-D1-R2-V1		3EME	370	285	visible	ADJ	visible	visible	283	1	01-Normé	01-Normé	_	s	_	visible	_	_	visible	_	_	0	0	0
CO-3e-2018-FSBJC6-D1-R2-V1_3EME	CO-3e-2018-FSBJC6-D1-R2-V1		3EME	370	291	petit	ADJ	petit	petit	289	1	01-Normé	01-Normé	m	s	_	petit	_	_	petit	_	_	0	0	0
CO-3e-2018-FSBJC6-D1-R2-V1_3EME	CO-3e-2018-FSBJC6-D1-R2-V1		3EME	370	293	petit	ADJ	petit	petit	291	1	01-Normé	01-Normé	m	s	_	petit	_	_	petit	_	_	0	0	0
CO-3e-2018-FSBJC6-D1-R2-V1_3EME	CO-3e-2018-FSBJC6-D1-R2-V1		3EME	370	347	possible	ADJ	possible	possible	345	1	01-Normé	01-Normé	_	s	_	possible	_	_	possible	_	_	0	0	0
CO-3e-2018-FSBJC6-D1-R7-V1_3EME	CO-3e-2018-FSBJC6-D1-R7-V1		3EME	276	4	petit	ADJ	petite	petit	4	1	04-ApproxGraphique	01-Normé	f	s	_	petit	e	_	petit	_	_	0	1	0
CO-3e-2018-FSBJC6-D1-R7-V1_3EME	CO-3e-2018-FSBJC6-D1-R7-V1		3EME	276	11	jeune	ADJ	jeune	jeune	11	1	01-Normé	01-Normé	_	s	_	jeune	_	_	jeune	_	_	0	0	0
CO-3e-2018-FSBJC6-D1-R7-V1_3EME	CO-3e-2018-FSBJC6-D1-R7-V1		3EME	276	102	jeune	ADJ	jeune	jeune	103	1	01-Normé	01-Normé	_	s	_	jeune	_	_	jeune	_	_	0	0	0
CO-3e-2018-FSBJC6-D1-R7-V1_3EME	CO-3e-2018-FSBJC6-D1-R7-V1		3EME	276	105	long	ADJ	longues	longues	106	1	01-Normé	01-Normé	f	p	_	longu	e	s	longu	e	s	0	0	0
CO-3e-2018-FSBJC6-D1-R7-V1_3EME	CO-3e-2018-FSBJC6-D1-R7-V1		3EME	276	107	terrible	ADJ	terribles	terribles	108	1	01-Normé	01-Normé	_	p	_	terrible	_	s	terrible	_	s	0	0	0
CO-3e-2018-FSBJC6-D1-R7-V1_3EME	CO-3e-2018-FSBJC6-D1-R7-V1		3EME	276	137	grand	ADJ	grande	grande	138	1	01-Normé	01-Normé	f	s	_	grand	e	_	grand	e	_	0	0	0
CO-3e-2018-FSBJC6-D1-R7-V1_3EME	CO-3e-2018-FSBJC6-D1-R7-V1		3EME	276	139	rouge	ADJ	rouge	rouge	140	1	01-Normé	01-Normé	_	s	_	rouge	_	_	rouge	_	_	0	0	0
CO-3e-2018-FSBJC6-D1-R7-V1_3EME	CO-3e-2018-FSBJC6-D1-R7-V1		3EME	276	199	jeune	ADJ	jeune	jeune	200	1	01-Normé	01-Normé	_	s	_	jeune	_	_	jeune	_	_	0	0	0
CO-3e-2018-FSBJC6-D1-R7-V1_3EME	CO-3e-2018-FSBJC6-D1-R7-V1		3EME	276	217	meilleur	ADJ	meilleur	meilleur	218	1	01-Normé	01-Normé	m	s	_	meilleur	_	_	meilleur	_	_	0	0	0
CO-3e-2018-FSBJC6-D1-R7-V1_3EME	CO-3e-2018-FSBJC6-D1-R7-V1		3EME	276	224	hebdomadaire	ADJ	hebdomadaire	hebdomadaire	225	1	01-Normé	01-Normé	_	s	_	hebdomadaire	_	_	hebdomadaire	_	_	0	0	0
CO-3e-2018-FSBJC6-D1-R7-V1_3EME	CO-3e-2018-FSBJC6-D1-R7-V1		3EME	276	229	petit	ADJ	petit	petit	230	1	01-Normé	01-Normé	m	s	_	petit	_	_	petit	_	_	0	0	0
CO-3e-2018-FSBJC6-D1-R7-V1_3EME	CO-3e-2018-FSBJC6-D1-R7-V1		3EME	276	245	différent	ADJ	différente	différente	246	1	01-Normé	01-Normé	f	s	_	différent	e	_	différent	e	_	0	0	0
CO-3e-2018-FSBJC6-D1-R7-V1_3EME	CO-3e-2018-FSBJC6-D1-R7-V1		3EME	276	249	autre	ADJ	autres	autres	250	1	01-Normé	01-Normé	_	p	_	autre	_	s	autre	_	s	0	0	0
CO-3e-2018-FSBJC6-D1-R7-V1_3EME	CO-3e-2018-FSBJC6-D1-R7-V1		3EME	276	274	préféré	ADJ	préférée	préféré	275	1	02-Phono	01-Normé	f	s	_	préféré	e	_	préféré	_	_	0	1	0
CO-3e-2018-FSBJC6-D1-R9-V1_3EME	CO-3e-2018-FSBJC6-D1-R9-V1		3EME	721	21	meilleur	ADJ	meilleur	meilleur	21	1	01-Normé	01-Normé	m	s	_	meilleur	_	_	meilleur	_	_	0	0	0
CO-3e-2018-FSBJC6-D1-R9-V1_3EME	CO-3e-2018-FSBJC6-D1-R9-V1		3EME	721	184	mage	ADJ	mage	mâge	184	1	02-Phono	01-Normé	_	s	_	mage	_	_	mâge	_	_	1	0	0
CO-3e-2018-FSBJC6-D1-R9-V1_3EME	CO-3e-2018-FSBJC6-D1-R9-V1		3EME	721	221	mage	ADJ	mage	mage	221	1	01-Normé	01-Normé	_	s	_	mage	_	_	mage	_	_	0	0	0
CO-3e-2018-FSBJC6-D1-R9-V1_3EME	CO-3e-2018-FSBJC6-D1-R9-V1		3EME	721	227	mage	ADJ	mage	mage	227	1	01-Normé	01-Normé	_	s	_	mage	_	_	mage	_	_	0	0	0
CO-3e-2018-FSBJC6-D1-R9-V1_3EME	CO-3e-2018-FSBJC6-D1-R9-V1		3EME	721	238	mage	ADJ	mage	mage	238	1	01-Normé	01-Normé	_	s	_	mage	_	_	mage	_	_	0	0	0
CO-3e-2018-FSBJC6-D1-R9-V1_3EME	CO-3e-2018-FSBJC6-D1-R9-V1		3EME	721	243	petit	ADJ	petite	petite	243	1	01-Normé	01-Normé	f	s	_	petit	e	_	petit	e	_	0	0	0
CO-3e-2018-FSBJC6-D1-R9-V1_3EME	CO-3e-2018-FSBJC6-D1-R9-V1		3EME	721	317	empoisonnant	ADJ	empoisonnante	empoisonnante	317	1	01-Normé	01-Normé	f	s	_	empoisonnant	e	_	empoisonnant	e	_	0	0	0
CO-3e-2018-FSBJC6-D1-R9-V1_3EME	CO-3e-2018-FSBJC6-D1-R9-V1		3EME	721	375	nouveau	ADJ	nouveau	nouveau	375	1	01-Normé	01-Normé	m	s	_	nouveau	_	_	nouveau	_	_	0	0	0
CO-3e-2018-FSBJC6-D1-R9-V1_3EME	CO-3e-2018-FSBJC6-D1-R9-V1		3EME	721	385	prêt	ADJ	prêt	près	385	1	02-Phono	01-Normé	m	s	_	prêt	_	_	prè	_	s	1	0	1
CO-3e-2018-FSBJC6-D1-R9-V1_3EME	CO-3e-2018-FSBJC6-D1-R9-V1		3EME	721	403	soi-disant	ADJ	soi	soi	403	1	01-Normé	01-Normé	_	_	_	soi	_	_	soi	_	_	0	0	0
CO-3e-2018-FSBJC6-D1-R9-V1_3EME	CO-3e-2018-FSBJC6-D1-R9-V1		3EME	721	405	soi-disant	ADJ	disant	disant	405	1	01-Normé	01-Normé	_	_	_	disant	_	_	disant	_	_	0	0	0
CO-3e-2018-FSBJC6-D1-R9-V1_3EME	CO-3e-2018-FSBJC6-D1-R9-V1		3EME	721	412	gentil	ADJ	gentille	gentille	412	1	01-Normé	01-Normé	f	s	_	gentill	e	_	gentill	e	_	0	0	0
CO-3e-2018-FSBJC6-D1-R9-V1_3EME	CO-3e-2018-FSBJC6-D1-R9-V1		3EME	721	414	beau	ADJ	belle	belle	414	1	01-Normé	01-Normé	f	s	_	bell	e	_	bell	e	_	0	0	0
CO-3e-2018-FSBJC6-D1-R9-V1_3EME	CO-3e-2018-FSBJC6-D1-R9-V1		3EME	721	416	intelligent	ADJ	intelligente	intelligente	416	1	01-Normé	01-Normé	f	s	_	intelligent	e	_	intelligent	e	_	0	0	0
CO-3e-2018-FSBJC6-D1-R9-V1_3EME	CO-3e-2018-FSBJC6-D1-R9-V1		3EME	721	422	amoureux	ADJ	amoureux	amoureux	422	1	01-Normé	01-Normé	m	_	_	amoureux	_	_	amoureux	_	_	0	0	0
CO-3e-2018-FSBJC6-D1-R9-V1_3EME	CO-3e-2018-FSBJC6-D1-R9-V1		3EME	721	458	drôle	ADJ	drôle	drôle	458	1	01-Normé	01-Normé	_	s	_	drôle	_	_	drôle	_	_	0	0	0
CO-3e-2018-FSBJC6-D1-R9-V1_3EME	CO-3e-2018-FSBJC6-D1-R9-V1		3EME	721	489	mauvais	ADJ	mauvais	mauvais	489	1	01-Normé	01-Normé	m	_	_	mauvais	_	_	mauvais	_	_	0	0	0
CO-3e-2018-FSBJC6-D1-R9-V1_3EME	CO-3e-2018-FSBJC6-D1-R9-V1		3EME	721	536	juste	ADJ	juste	juste	536	1	01-Normé	01-Normé	_	s	_	juste	_	_	juste	_	_	0	0	0
CO-3e-2018-FSBJC6-D1-R9-V1_3EME	CO-3e-2018-FSBJC6-D1-R9-V1		3EME	721	563	vide	ADJ	vide	vide	563	1	01-Normé	01-Normé	_	s	_	vide	_	_	vide	_	_	0	0	0
CO-3e-2018-FSBJC6-D1-R9-V1_3EME	CO-3e-2018-FSBJC6-D1-R9-V1		3EME	721	607	particulier	ADJ	particulier	particulier	607	1	01-Normé	01-Normé	m	s	_	particulier	_	_	particulier	_	_	0	0	0
CO-3e-2018-FSBJC6-D1-R9-V1_3EME	CO-3e-2018-FSBJC6-D1-R9-V1		3EME	721	675	inexplicable	ADJ	inexplicable	inexplicable	675	1	01-Normé	01-Normé	_	s	_	inexplicable	_	_	inexplicable	_	_	0	0	0
CO-3e-2018-FSBJC6-D1-R9-V1_3EME	CO-3e-2018-FSBJC6-D1-R9-V1		3EME	721	689	grand	ADJ	grand	grand	689	1	01-Normé	01-Normé	m	s	_	grand	_	_	grand	_	_	0	0	0
CO-3e-2018-FSBJC6-D1-R9-V1_3EME	CO-3e-2018-FSBJC6-D1-R9-V1		3EME	721	717	noir	ADJ	noir	noir	717	1	01-Normé	01-Normé	m	s	_	noir	_	_	noir	_	_	0	0	0
CO-3e-2018-FSBJC6-D1-R9-V1_3EME	CO-3e-2018-FSBJC6-D1-R9-V1		3EME	721	719	bleu	ADJ	bleu	bleu	719	1	01-Normé	01-Normé	m	s	_	bleu	_	_	bleu	_	_	0	0	0
CO-3e-2018-VTAC305-D1-R8-V1_3EME	CO-3e-2018-VTAC305-D1-R8-V1		3EME	167	7	jeune	ADJ	jeune	jeune	7	1	01-Normé	01-Normé	_	s	_	jeune	_	_	jeune	_	_	0	0	0
CO-3e-2018-VTAC305-D1-R8-V1_3EME	CO-3e-2018-VTAC305-D1-R8-V1		3EME	167	12	nommé	ADJ	nommée	nomée	12	1	02-Phono	01-Normé	f	s	_	nommé	e	_	nomé	e	_	1	0	0
CO-3e-2018-VTAC305-D1-R8-V1_3EME	CO-3e-2018-VTAC305-D1-R8-V1		3EME	167	56	juste	ADJ	juste	juste	56	1	01-Normé	01-Normé	_	s	_	juste	_	_	juste	_	_	0	0	0
CO-3e-2018-VTAC305-D1-R8-V1_3EME	CO-3e-2018-VTAC305-D1-R8-V1		3EME	167	99	nouveau	ADJ	nouvelles	nouvelles	99	1	01-Normé	01-Normé	f	p	_	nouvell	e	s	nouvell	e	s	0	0	0
CO-3e-2018-FSBJC6-D1-R6-V1_3EME	CO-3e-2018-FSBJC6-D1-R6-V1		3EME	511	14	petit	ADJ	petit	petit	14	1	01-Normé	01-Normé	m	s	_	petit	_	_	petit	_	_	0	0	0
CO-3e-2018-FSBJC6-D1-R6-V1_3EME	CO-3e-2018-FSBJC6-D1-R6-V1		3EME	511	77	grand	ADJ	grande	grand	77	1	04-ApproxGraphique	01-Normé	f	s	_	grand	e	_	grand	_	_	0	1	0
CO-3e-2018-FSBJC6-D1-R6-V1_3EME	CO-3e-2018-FSBJC6-D1-R6-V1		3EME	511	158	tombé	ADJ	tombée	tombé	158	1	02-Phono	01-Normé	f	s	_	tombé	e	_	tombé	_	_	0	1	0
CO-3e-2018-FSBJC6-D1-R6-V1_3EME	CO-3e-2018-FSBJC6-D1-R6-V1		3EME	511	206	prêt	ADJ	prêt	près	206	1	02-Phono	01-Normé	m	s	_	prêt	_	_	prè	_	s	1	0	1
CO-3e-2018-FSBJC6-D1-R6-V1_3EME	CO-3e-2018-FSBJC6-D1-R6-V1		3EME	511	285	silencieux	ADJ	silencieux	siliencieux	285	1	04-ApproxGraphique	01-Normé	m	_	_	silencieux	_	_	siliencieux	_	_	1	0	0
CO-3e-2018-FSBJC6-D1-R6-V1_3EME	CO-3e-2018-FSBJC6-D1-R6-V1		3EME	511	309	net	ADJ	net	net	309	1	01-Normé	01-Normé	m	s	_	net	_	_	net	_	_	0	0	0
CO-3e-2018-FSBJC6-D1-R6-V1_3EME	CO-3e-2018-FSBJC6-D1-R6-V1		3EME	511	370	différent	ADJ	différents	différents	370	1	01-Normé	01-Normé	m	p	_	différent	_	s	différent	_	s	0	0	0
CO-3e-2018-FSBJC6-D1-R6-V1_3EME	CO-3e-2018-FSBJC6-D1-R6-V1		3EME	511	376	seul	ADJ	seul	seule	376	1	02-Phono	01-Normé	m	s	_	seul	_	_	seul	e	_	0	1	0
CO-3e-2018-FSBJC6-D1-R6-V1_3EME	CO-3e-2018-FSBJC6-D1-R6-V1		3EME	511	399	grand	ADJ	grand	grand	399	1	01-Normé	01-Normé	m	s	_	grand	_	_	grand	_	_	0	0	0
CO-3e-2016-VTAC305-D1-R21-V1_3EME	CO-3e-2016-VTAC305-D1-R21-V1		3EME	336	8	jeune	ADJ	jeune	jeune	8	1	01-Normé	01-Normé	_	s	_	jeune	_	_	jeune	_	_	0	0	0
CO-3e-2016-VTAC305-D1-R21-V1_3EME	CO-3e-2016-VTAC305-D1-R21-V1		3EME	336	9	beau	ADJ	belle	belle	9	1	01-Normé	01-Normé	f	s	_	bell	e	_	bell	e	_	0	0	0
CO-3e-2016-VTAC305-D1-R21-V1_3EME	CO-3e-2016-VTAC305-D1-R21-V1		3EME	336	21	grand	ADJ	grande	grande	21	1	01-Normé	01-Normé	f	s	_	grand	e	_	grand	e	_	0	0	0
CO-3e-2016-VTAC305-D1-R21-V1_3EME	CO-3e-2016-VTAC305-D1-R21-V1		3EME	336	145	fort	ADJ	forte	forte	146	1	01-Normé	01-Normé	f	s	_	fort	e	_	fort	e	_	0	0	0
CO-3e-2016-VTAC305-D1-R21-V1_3EME	CO-3e-2016-VTAC305-D1-R21-V1		3EME	336	151	bon	ADJ	bon	bon	152	1	01-Normé	01-Normé	m	s	_	bon	_	_	bon	_	_	0	0	0
CO-3e-2016-VTAC305-D1-R21-V1_3EME	CO-3e-2016-VTAC305-D1-R21-V1		3EME	336	181	grand	ADJ	grand	grand	182	1	01-Normé	01-Normé	m	s	_	grand	_	_	grand	_	_	0	0	0
CO-3e-2016-VTAC305-D1-R21-V1_3EME	CO-3e-2016-VTAC305-D1-R21-V1		3EME	336	202	plein	ADJ	plein	plein	203	1	01-Normé	01-Normé	m	s	_	plein	_	_	plein	_	_	0	0	0
CO-3e-2016-VTAC305-D1-R21-V1_3EME	CO-3e-2016-VTAC305-D1-R21-V1		3EME	336	209	vieux	ADJ	vieille	vielle	210	1	04-ApproxGraphique	01-Normé	f	s	_	vieill	e	_	viell	e	_	1	0	0
CO-3e-2016-VTAC305-D1-R21-V1_3EME	CO-3e-2016-VTAC305-D1-R21-V1		3EME	336	247	autre	ADJ	autres	autres	248	1	01-Normé	01-Normé	_	p	_	autre	_	s	autre	_	s	0	0	0
CO-3e-2016-VTAC305-D1-R21-V1_3EME	CO-3e-2016-VTAC305-D1-R21-V1		3EME	336	268	autre	ADJ	autres	autres	269	1	01-Normé	01-Normé	_	p	_	autre	_	s	autre	_	s	0	0	0
CO-3e-2016-VTAC305-D1-R21-V1_3EME	CO-3e-2016-VTAC305-D1-R21-V1		3EME	336	281	humain	ADJ	humain	humain	282	1	01-Normé	01-Normé	m	s	_	humain	_	_	humain	_	_	0	0	0
CO-3e-2016-VTAC305-D1-R21-V1_3EME	CO-3e-2016-VTAC305-D1-R21-V1		3EME	336	303	conséquent	ADJ	conséquent	consequent	304	1	04-ApproxGraphique	01-Normé	m	s	_	conséquent	_	_	consequent	_	_	1	0	0
CO-3e-2018-VTAC305-D1-R17-V1_3EME	CO-3e-2018-VTAC305-D1-R17-V1		3EME	195	13	âgé	ADJ	âgés	agés	13	1	02-Phono	01-Normé	m	p	_	âgé	_	s	agé	_	s	1	0	0
CO-3e-2018-VTAC305-D1-R17-V1_3EME	CO-3e-2018-VTAC305-D1-R17-V1		3EME	195	38	grand	ADJ	grande	grande	38	1	01-Normé	01-Normé	f	s	_	grand	e	_	grand	e	_	0	0	0
CO-3e-2018-VTAC305-D1-R17-V1_3EME	CO-3e-2018-VTAC305-D1-R17-V1		3EME	195	59	grand	ADJ	grand	grand	59	1	01-Normé	01-Normé	m	s	_	grand	_	_	grand	_	_	0	0	0
CO-3e-2018-VTAC305-D1-R17-V1_3EME	CO-3e-2018-VTAC305-D1-R17-V1		3EME	195	76	petit	ADJ	petit	petit	76	1	01-Normé	01-Normé	m	s	_	petit	_	_	petit	_	_	0	0	0
CO-3e-2018-VTAC305-D1-R17-V1_3EME	CO-3e-2018-VTAC305-D1-R17-V1		3EME	195	126	noir	ADJ	noire	noir	128	1	02-Phono	01-Normé	f	s	_	noir	e	_	noir	_	_	0	1	0
CO-3e-2018-VTAC305-D1-R17-V1_3EME	CO-3e-2018-VTAC305-D1-R17-V1		3EME	195	128	effrayant	ADJ	effrayante	effrayante	130	1	01-Normé	01-Normé	f	s	_	effrayant	e	_	effrayant	e	_	0	0	0
CO-3e-2018-VTAC305-D1-R17-V1_3EME	CO-3e-2018-VTAC305-D1-R17-V1		3EME	195	134	grave	ADJ	grave	grave	136	1	01-Normé	01-Normé	_	s	_	grave	_	_	grave	_	_	0	0	0
CO-3e-2018-VTAC305-D1-R17-V1_3EME	CO-3e-2018-VTAC305-D1-R17-V1		3EME	195	136	menaçant	ADJ	menaçante	menaçante	138	1	01-Normé	01-Normé	f	s	_	menaçant	e	_	menaçant	e	_	0	0	0
CO-3e-2018-VTAC305-D1-R17-V1_3EME	CO-3e-2018-VTAC305-D1-R17-V1		3EME	195	146	grand	ADJ	grand	grand	148	1	01-Normé	01-Normé	m	s	_	grand	_	_	grand	_	_	0	0	0
CO-3e-2018-VTAC305-D1-R17-V1_3EME	CO-3e-2018-VTAC305-D1-R17-V1		3EME	195	154	petit	ADJ	petit	petit	156	1	01-Normé	01-Normé	m	s	_	petit	_	_	petit	_	_	0	0	0
CO-3e-2016-VTAC305-D1-R3-V1_3EME	CO-3e-2016-VTAC305-D1-R3-V1		3EME	163	28	grand	ADJ	grande	gande	28	1	04-ApproxGraphique	01-Normé	f	s	_	grand	e	_	gand	e	_	1	0	0
CO-3e-2016-VTAC305-D1-R3-V1_3EME	CO-3e-2016-VTAC305-D1-R3-V1		3EME	163	54	autre	ADJ	autre	autre	54	1	01-Normé	01-Normé	_	s	_	autre	_	_	autre	_	_	0	0	0
CO-3e-2016-VTAC305-D1-R3-V1_3EME	CO-3e-2016-VTAC305-D1-R3-V1		3EME	163	88	grand	ADJ	grand	grand	88	1	01-Normé	01-Normé	m	s	_	grand	_	_	grand	_	_	0	0	0
CO-3e-2016-VTAC305-D1-R3-V1_3EME	CO-3e-2016-VTAC305-D1-R3-V1		3EME	163	141	hallucinant	ADJ	hallucinante	hallucinante	141	1	01-Normé	01-Normé	f	s	_	hallucinant	e	_	hallucinant	e	_	0	0	0
CO-3e-2018-VTAC305-D1-R11-V1_3EME	CO-3e-2018-VTAC305-D1-R11-V1		3EME	292	6	vieux	ADJ	vieille	vieille	6	1	01-Normé	01-Normé	f	s	_	vieill	e	_	vieill	e	_	0	0	0
CO-3e-2018-VTAC305-D1-R11-V1_3EME	CO-3e-2018-VTAC305-D1-R11-V1		3EME	292	39	effrayant	ADJ	effrayantes	effrayantent	39	1	02-Phono	01-Normé	f	p	_	effrayant	e	s	effrayantent	_	_	1	1	1
CO-3e-2018-VTAC305-D1-R11-V1_3EME	CO-3e-2018-VTAC305-D1-R11-V1		3EME	292	44	vieux	ADJ	vieille	vieille	44	1	01-Normé	01-Normé	f	s	_	vieill	e	_	vieill	e	_	0	0	0
CO-3e-2018-VTAC305-D1-R11-V1_3EME	CO-3e-2018-VTAC305-D1-R11-V1		3EME	292	55	seul	ADJ	seule	seul	55	1	02-Phono	01-Normé	f	s	_	seul	e	_	seul	_	_	0	1	0
CO-3e-2018-VTAC305-D1-R11-V1_3EME	CO-3e-2018-VTAC305-D1-R11-V1		3EME	292	78	épuisant	ADJ	épuisante	épuisante	78	1	01-Normé	01-Normé	f	s	_	épuisant	e	_	épuisant	e	_	0	0	0
CO-3e-2018-VTAC305-D1-R11-V1_3EME	CO-3e-2018-VTAC305-D1-R11-V1		3EME	292	149	seul	ADJ	seul	seul	148	1	01-Normé	01-Normé	m	s	_	seul	_	_	seul	_	_	0	0	0
CO-3e-2018-VTAC305-D1-R11-V1_3EME	CO-3e-2018-VTAC305-D1-R11-V1		3EME	292	158	seul	ADJ	seul	seul	157	1	01-Normé	01-Normé	m	s	_	seul	_	_	seul	_	_	0	0	0
CO-3e-2018-VTAC305-D1-R11-V1_3EME	CO-3e-2018-VTAC305-D1-R11-V1		3EME	292	168	grand	ADJ	grand	grand	167	1	01-Normé	01-Normé	m	s	_	grand	_	_	grand	_	_	0	0	0
CO-3e-2018-VTAC305-D1-R11-V1_3EME	CO-3e-2018-VTAC305-D1-R11-V1		3EME	292	178	autre	ADJ	autre	autr	177	1	02-Phono	01-Normé	_	s	_	autre	_	_	autr	_	_	1	0	0
CO-3e-2018-VTAC305-D1-R11-V1_3EME	CO-3e-2018-VTAC305-D1-R11-V1		3EME	292	286	vieux	ADJ	vieille	vieille	285	1	01-Normé	01-Normé	f	s	_	vieill	e	_	vieill	e	_	0	0	0
CO-3e-2016-VTAC305-D1-R5-V1_3EME	CO-3e-2016-VTAC305-D1-R5-V1		3EME	234	20	petit	ADJ	petits	petits	20	1	01-Normé	01-Normé	m	p	_	petit	_	s	petit	_	s	0	0	0
CO-3e-2016-VTAC305-D1-R5-V1_3EME	CO-3e-2016-VTAC305-D1-R5-V1		3EME	234	62	provocant	ADJ	provocants	provoquant	62	1	02-Phono	01-Normé	m	p	_	provocant	_	s	provoquant	_	_	1	0	1
CO-3e-2016-VTAC305-D1-R5-V1_3EME	CO-3e-2016-VTAC305-D1-R5-V1		3EME	234	63	petit	ADJ	petite	petite	63	1	01-Normé	01-Normé	f	s	_	petit	e	_	petit	e	_	0	0	0
CO-3e-2016-VTAC305-D1-R5-V1_3EME	CO-3e-2016-VTAC305-D1-R5-V1		3EME	234	65	court	ADJ	courte	courte	65	1	01-Normé	01-Normé	f	s	_	court	e	_	court	e	_	0	0	0
CO-3e-2016-VTAC305-D1-R5-V1_3EME	CO-3e-2016-VTAC305-D1-R5-V1		3EME	234	85	petit	ADJ	petit	petit	85	1	01-Normé	01-Normé	m	s	_	petit	_	_	petit	_	_	0	0	0
CO-3e-2016-VTAC305-D1-R5-V1_3EME	CO-3e-2016-VTAC305-D1-R5-V1		3EME	234	111	parallèle	ADJ	parallèle	parallèle	111	1	01-Normé	01-Normé	_	s	_	parallèle	_	_	parallèle	_	_	0	0	0
CO-3e-2016-VTAC305-D1-R5-V1_3EME	CO-3e-2016-VTAC305-D1-R5-V1		3EME	234	123	grand	ADJ	grand	grand	123	1	01-Normé	01-Normé	m	s	_	grand	_	_	grand	_	_	0	0	0
CO-3e-2018-VTAC305-D1-R15-V1_3EME	CO-3e-2018-VTAC305-D1-R15-V1		3EME	306	161	grand	ADJ	grand	grand	160	1	01-Normé	01-Normé	m	s	_	grand	_	_	grand	_	_	0	0	0
CO-3e-2018-VTAC305-D1-R15-V1_3EME	CO-3e-2018-VTAC305-D1-R15-V1		3EME	306	172	grand	ADJ	grand	grand	171	1	01-Normé	01-Normé	m	s	_	grand	_	_	grand	_	_	0	0	0
CO-3e-2016-VTAC305-D1-R7-V1_3EME	CO-3e-2016-VTAC305-D1-R7-V1		3EME	452	22	jeune	ADJ	jeune	jeune	22	1	01-Normé	01-Normé	_	s	_	jeune	_	_	jeune	_	_	0	0	0
CO-3e-2016-VTAC305-D1-R7-V1_3EME	CO-3e-2016-VTAC305-D1-R7-V1		3EME	452	25	charmant	ADJ	charmant	charmant	25	1	01-Normé	01-Normé	m	s	_	charmant	_	_	charmant	_	_	0	0	0
CO-3e-2016-VTAC305-D1-R7-V1_3EME	CO-3e-2016-VTAC305-D1-R7-V1		3EME	452	30	mystérieux	ADJ	mystérieux	mystérieux	30	1	01-Normé	01-Normé	m	_	_	mystérieux	_	_	mystérieux	_	_	0	0	0
CO-3e-2016-VTAC305-D1-R7-V1_3EME	CO-3e-2016-VTAC305-D1-R7-V1		3EME	452	43	somptueux	ADJ	somptueux	somptueux	43	1	01-Normé	01-Normé	m	_	_	somptueux	_	_	somptueux	_	_	0	0	0
CO-3e-2016-VTAC305-D1-R7-V1_3EME	CO-3e-2016-VTAC305-D1-R7-V1		3EME	452	53	aisé	ADJ	aisées	aisé	53	1	02-Phono	01-Normé	f	p	_	aisé	e	s	aisé	_	_	0	1	1
CO-3e-2016-VTAC305-D1-R7-V1_3EME	CO-3e-2016-VTAC305-D1-R7-V1		3EME	452	95	seul	ADJ	seule	seule	95	1	01-Normé	01-Normé	f	s	_	seul	e	_	seul	e	_	0	0	0
CO-3e-2016-VTAC305-D1-R7-V1_3EME	CO-3e-2016-VTAC305-D1-R7-V1		3EME	452	167	sûr	ADJ	sûre	sûr	168	1	02-Phono	01-Normé	f	s	_	sûr	e	_	sûr	_	_	0	1	0
CO-3e-2016-VTAC305-D1-R7-V1_3EME	CO-3e-2016-VTAC305-D1-R7-V1		3EME	452	189	ouvert	ADJ	ouverte	ouverte	190	1	01-Normé	01-Normé	f	s	_	ouvert	e	_	ouvert	e	_	0	0	0
CO-3e-2016-VTAC305-D1-R7-V1_3EME	CO-3e-2016-VTAC305-D1-R7-V1		3EME	452	233	fort	ADJ	fort	fort	234	1	01-Normé	01-Normé	m	s	_	fort	_	_	fort	_	_	0	0	0
CO-3e-2016-VTAC305-D1-R7-V1_3EME	CO-3e-2016-VTAC305-D1-R7-V1		3EME	452	280	grand	ADJ	grand	grand	281	1	01-Normé	01-Normé	m	s	_	grand	_	_	grand	_	_	0	0	0
CO-3e-2016-VTAC305-D1-R7-V1_3EME	CO-3e-2016-VTAC305-D1-R7-V1		3EME	452	307	jeune	ADJ	jeune	jeune	308	1	01-Normé	01-Normé	_	s	_	jeune	_	_	jeune	_	_	0	0	0
CO-3e-2016-VTAC305-D1-R7-V1_3EME	CO-3e-2016-VTAC305-D1-R7-V1		3EME	452	326	plein	ADJ	pleines	pleines	327	1	01-Normé	01-Normé	f	p	_	plein	e	s	plein	e	s	0	0	0
CO-3e-2016-VTAC305-D1-R22-V1_3EME	CO-3e-2016-VTAC305-D1-R22-V1		3EME	220	8	fin	ADJ	fin	fin	8	1	01-Normé	01-Normé	m	s	_	fin	_	_	fin	_	_	0	0	0
CO-3e-2016-VTAC305-D1-R22-V1_3EME	CO-3e-2016-VTAC305-D1-R22-V1		3EME	220	13	reculé	ADJ	reculé	reculé	13	1	01-Normé	01-Normé	m	s	_	reculé	_	_	reculé	_	_	0	0	0
CO-3e-2016-VTAC305-D1-R22-V1_3EME	CO-3e-2016-VTAC305-D1-R22-V1		3EME	220	17	petit	ADJ	petite	petite	17	1	01-Normé	01-Normé	f	s	_	petit	e	_	petit	e	_	0	0	0
CO-3e-2016-VTAC305-D1-R22-V1_3EME	CO-3e-2016-VTAC305-D1-R22-V1		3EME	220	31	grand	ADJ	grande	grande	31	1	01-Normé	01-Normé	f	s	_	grand	e	_	grand	e	_	0	0	0
CO-3e-2016-VTAC305-D1-R22-V1_3EME	CO-3e-2016-VTAC305-D1-R22-V1		3EME	220	35	bon	ADJ	bonne	bome	35	1	04-ApproxGraphique	01-Normé	f	s	_	bonn	e	_	bom	e	_	1	0	0
CO-3e-2016-VTAC305-D1-R22-V1_3EME	CO-3e-2016-VTAC305-D1-R22-V1		3EME	220	53	petit	ADJ	petite	petite	53	1	01-Normé	01-Normé	f	s	_	petit	e	_	petit	e	_	0	0	0
CO-3e-2016-VTAC305-D1-R22-V1_3EME	CO-3e-2016-VTAC305-D1-R22-V1		3EME	220	93	petit	ADJ	petit	petite	93	1	04-ApproxGraphique	01-Normé	m	s	_	petit	_	_	petit	e	_	0	1	0
CO-3e-2016-VTAC305-D1-R22-V1_3EME	CO-3e-2016-VTAC305-D1-R22-V1		3EME	220	137	petit	ADJ	petite	petit	137	1	04-ApproxGraphique	01-Normé	f	s	_	petit	e	_	petit	_	_	0	1	0
CO-3e-2016-VTAC305-D1-R22-V1_3EME	CO-3e-2016-VTAC305-D1-R22-V1		3EME	220	161	grand	ADJ	grand	grand	161	1	01-Normé	01-Normé	m	s	_	grand	_	_	grand	_	_	0	0	0
CO-3e-2016-VTAC305-D1-R22-V1_3EME	CO-3e-2016-VTAC305-D1-R22-V1		3EME	220	181	petit	ADJ	petite	petite	181	1	01-Normé	01-Normé	f	s	_	petit	e	_	petit	e	_	0	0	0
CO-3e-2016-VTAC305-D1-R23-V1_3EME	CO-3e-2016-VTAC305-D1-R23-V1		3EME	385	4	nommé	ADJ	nommée	nommé	4	1	02-Phono	01-Normé	f	s	_	nommé	e	_	nommé	_	_	0	1	0
CO-3e-2016-VTAC305-D1-R23-V1_3EME	CO-3e-2016-VTAC305-D1-R23-V1		3EME	385	99	aîné	ADJ	aîné	ainè	98	1	04-ApproxGraphique	01-Normé	m	s	_	aîné	_	_	ainè	_	_	1	0	0
CO-3e-2016-VTAC305-D1-R23-V1_3EME	CO-3e-2016-VTAC305-D1-R23-V1		3EME	385	202	grand	ADJ	grand	grand	201	1	01-Normé	01-Normé	m	s	_	grand	_	_	grand	_	_	0	0	0
CO-3e-2016-VTAC305-D1-R23-V1_3EME	CO-3e-2016-VTAC305-D1-R23-V1		3EME	385	220	juste	ADJ	juste	juste	219	1	01-Normé	01-Normé	_	s	_	juste	_	_	juste	_	_	0	0	0
CO-3e-2016-VTAC305-D1-R23-V1_3EME	CO-3e-2016-VTAC305-D1-R23-V1		3EME	385	325	petit	ADJ	petit	petit	323	1	01-Normé	01-Normé	m	s	_	petit	_	_	petit	_	_	0	0	0
CO-3e-2016-VTAC305-D1-R10-V1_3EME	CO-3e-2016-VTAC305-D1-R10-V1		3EME	219	33	beau	ADJ	belle	belle	33	1	01-Normé	01-Normé	f	s	_	bell	e	_	bell	e	_	0	0	0
CO-3e-2016-VTAC305-D1-R10-V1_3EME	CO-3e-2016-VTAC305-D1-R10-V1		3EME	219	51	vieux	ADJ	vieille	veille	51	1	04-ApproxGraphique	01-Normé	f	s	_	vieill	e	_	veill	e	_	1	0	0
CO-3e-2016-VTAC305-D1-R10-V1_3EME	CO-3e-2016-VTAC305-D1-R10-V1		3EME	219	70	vieux	ADJ	vieille	vielle	70	1	04-ApproxGraphique	01-Normé	f	s	_	vieill	e	_	viell	e	_	1	0	0
CO-3e-2016-VTAC305-D1-R10-V1_3EME	CO-3e-2016-VTAC305-D1-R10-V1		3EME	219	133	nouveau	ADJ	nouvelle	nouvelle	133	1	01-Normé	01-Normé	f	s	_	nouvell	e	_	nouvell	e	_	0	0	0
CO-3e-2016-VTAC305-D1-R10-V1_3EME	CO-3e-2016-VTAC305-D1-R10-V1		3EME	219	174	grand	ADJ	grand	grand	174	1	01-Normé	01-Normé	m	s	_	grand	_	_	grand	_	_	0	0	0
CO-3e-2016-VTAC305-D1-R25-V1_3EME	CO-3e-2016-VTAC305-D1-R25-V1		3EME	455	49	veuf	ADJ	veuve	veuve	49	1	01-Normé	01-Normé	f	s	_	veuv	e	_	veuv	e	_	0	0	0
CO-3e-2016-VTAC305-D1-R25-V1_3EME	CO-3e-2016-VTAC305-D1-R25-V1		3EME	455	56	seul	ADJ	seule	seule	56	1	01-Normé	01-Normé	f	s	_	seul	e	_	seul	e	_	0	0	0
CO-3e-2016-VTAC305-D1-R25-V1_3EME	CO-3e-2016-VTAC305-D1-R25-V1		3EME	455	136	bon	ADJ	bons	bon	135	1	02-Phono	01-Normé	m	p	_	bon	_	s	bon	_	_	0	0	1
CO-3e-2016-VTAC305-D1-R25-V1_3EME	CO-3e-2016-VTAC305-D1-R25-V1		3EME	455	162	grand	ADJ	grand	grand	163	1	01-Normé	01-Normé	m	s	_	grand	_	_	grand	_	_	0	0	0
CO-3e-2016-VTAC305-D1-R25-V1_3EME	CO-3e-2016-VTAC305-D1-R25-V1		3EME	455	187	grand	ADJ	grand	grand	188	1	01-Normé	01-Normé	m	s	_	grand	_	_	grand	_	_	0	0	0
CO-3e-2016-VTAC305-D1-R25-V1_3EME	CO-3e-2016-VTAC305-D1-R25-V1		3EME	455	381	petit	ADJ	Petit	Petit	382	1	01-Normé	01-Normé	m	s	_	petit	_	_	petit	_	_	0	0	0
CO-3e-2016-VTAC305-D1-R25-V1_3EME	CO-3e-2016-VTAC305-D1-R25-V1		3EME	455	383	petit	ADJ	petit	petit	384	1	01-Normé	01-Normé	m	s	_	petit	_	_	petit	_	_	0	0	0
CO-3e-2016-VTAC305-D1-R25-V1_3EME	CO-3e-2016-VTAC305-D1-R25-V1		3EME	455	420	inverse	ADJ	inverse	inverse	421	1	01-Normé	01-Normé	_	s	_	inverse	_	_	inverse	_	_	0	0	0
CO-3e-2018-FSBJC6-D1-R10-V1_3EME	CO-3e-2018-FSBJC6-D1-R10-V1		3EME	348	82	grand	ADJ	grand	grand	82	1	01-Normé	01-Normé	m	s	_	grand	_	_	grand	_	_	0	0	0
CO-3e-2018-FSBJC6-D1-R10-V1_3EME	CO-3e-2018-FSBJC6-D1-R10-V1		3EME	348	96	petit	ADJ	petite	petite	96	1	01-Normé	01-Normé	f	s	_	petit	e	_	petit	e	_	0	0	0
CO-3e-2018-FSBJC6-D1-R10-V1_3EME	CO-3e-2018-FSBJC6-D1-R10-V1		3EME	348	165	grand	ADJ	grand	grand	165	1	01-Normé	01-Normé	m	s	_	grand	_	_	grand	_	_	0	0	0
CO-3e-2018-FSBJC6-D1-R10-V1_3EME	CO-3e-2018-FSBJC6-D1-R10-V1		3EME	348	193	grand	ADJ	grand	grand	193	1	01-Normé	01-Normé	m	s	_	grand	_	_	grand	_	_	0	0	0
CO-3e-2018-FSBJC6-D1-R10-V1_3EME	CO-3e-2018-FSBJC6-D1-R10-V1		3EME	348	210	idiot	ADJ	idiot	Idiot	210	1	01-Normé	01-Normé	m	s	_	idiot	_	_	idiot	_	_	0	0	0
CO-3e-2018-FSBJC6-D1-R10-V1_3EME	CO-3e-2018-FSBJC6-D1-R10-V1		3EME	348	212	bon	ADJ	bon	Bon	212	1	01-Normé	01-Normé	m	s	_	bon	_	_	bon	_	_	0	0	0
CO-3e-2018-FSBJC6-D1-R10-V1_3EME	CO-3e-2018-FSBJC6-D1-R10-V1		3EME	348	249	humain	ADJ	humain	humain	249	1	01-Normé	01-Normé	m	s	_	humain	_	_	humain	_	_	0	0	0
CO-3e-2018-FSBJC6-D1-R10-V1_3EME	CO-3e-2018-FSBJC6-D1-R10-V1		3EME	348	259	grand	ADJ	grandes	grande	259	1	02-Phono	01-Normé	f	p	_	grand	e	s	grand	e	_	0	0	1
CO-3e-2018-FSBJC6-D1-R10-V1_3EME	CO-3e-2018-FSBJC6-D1-R10-V1		3EME	348	271	humain	ADJ	humain	humain	271	1	01-Normé	01-Normé	m	s	_	humain	_	_	humain	_	_	0	0	0
CO-3e-2018-FSBJC6-D1-R10-V1_3EME	CO-3e-2018-FSBJC6-D1-R10-V1		3EME	348	328	plein	ADJ	plein	plein	328	1	01-Normé	01-Normé	m	s	_	plein	_	_	plein	_	_	0	0	0
CO-3e-2018-VTAC305-D1-R5-V1_3EME	CO-3e-2018-VTAC305-D1-R5-V1		3EME	574	19	irritant	ADJ	irritante	irritante	19	1	01-Normé	01-Normé	f	s	_	irritant	e	_	irritant	e	_	0	0	0
CO-3e-2018-VTAC305-D1-R5-V1_3EME	CO-3e-2018-VTAC305-D1-R5-V1		3EME	574	43	partant	ADJ	partants	partant	43	1	02-Phono	01-Normé	m	p	_	partant	_	s	partant	_	_	0	0	1
CO-3e-2018-VTAC305-D1-R5-V1_3EME	CO-3e-2018-VTAC305-D1-R5-V1		3EME	574	147	jeune	ADJ	jeunes	jeunes	147	1	01-Normé	01-Normé	_	p	_	jeune	_	s	jeune	_	s	0	0	0
CO-3e-2018-VTAC305-D1-R5-V1_3EME	CO-3e-2018-VTAC305-D1-R5-V1		3EME	574	205	autre	ADJ	autres	autres	205	1	01-Normé	01-Normé	_	p	_	autre	_	s	autre	_	s	0	0	0
CO-3e-2018-VTAC305-D1-R5-V1_3EME	CO-3e-2018-VTAC305-D1-R5-V1		3EME	574	255	précis	ADJ	précis	précis	255	1	01-Normé	01-Normé	m	_	_	précis	_	_	précis	_	_	0	0	0
CO-3e-2018-VTAC305-D1-R5-V1_3EME	CO-3e-2018-VTAC305-D1-R5-V1		3EME	574	283	nouveau	ADJ	nouveau	nouveau	283	1	01-Normé	01-Normé	m	s	_	nouveau	_	_	nouveau	_	_	0	0	0
CO-3e-2018-VTAC305-D1-R5-V1_3EME	CO-3e-2018-VTAC305-D1-R5-V1		3EME	574	311	net	ADJ	net	net	311	1	01-Normé	01-Normé	m	s	_	net	_	_	net	_	_	0	0	0
CO-3e-2018-VTAC305-D1-R5-V1_3EME	CO-3e-2018-VTAC305-D1-R5-V1		3EME	574	317	noir	ADJ	noir	noir	317	1	01-Normé	01-Normé	m	s	_	noir	_	_	noir	_	_	0	0	0
CO-3e-2018-VTAC305-D1-R5-V1_3EME	CO-3e-2018-VTAC305-D1-R5-V1		3EME	574	367	petit	ADJ	petit	petit	367	1	01-Normé	01-Normé	m	s	_	petit	_	_	petit	_	_	0	0	0
CO-3e-2018-VTAC305-D1-R5-V1_3EME	CO-3e-2018-VTAC305-D1-R5-V1		3EME	574	372	petit	ADJ	petit	petit	372	1	01-Normé	01-Normé	m	s	_	petit	_	_	petit	_	_	0	0	0
CO-3e-2018-VTAC305-D1-R5-V1_3EME	CO-3e-2018-VTAC305-D1-R5-V1		3EME	574	396	sûr	ADJ	sûr	sûr	396	1	01-Normé	01-Normé	m	s	_	sûr	_	_	sûr	_	_	0	0	0
CO-3e-2018-VTAC305-D1-R5-V1_3EME	CO-3e-2018-VTAC305-D1-R5-V1		3EME	574	412	petit	ADJ	petite	petite	412	1	01-Normé	01-Normé	f	s	_	petit	e	_	petit	e	_	0	0	0
CO-3e-2018-VTAC305-D1-R5-V1_3EME	CO-3e-2018-VTAC305-D1-R5-V1		3EME	574	429	grand	ADJ	grand	grand	429	1	01-Normé	01-Normé	m	s	_	grand	_	_	grand	_	_	0	0	0
CO-3e-2018-VTAC305-D1-R5-V1_3EME	CO-3e-2018-VTAC305-D1-R5-V1		3EME	574	441	même	ADJ	même	même	441	1	01-Normé	01-Normé	_	s	_	même	_	_	même	_	_	0	0	0
CO-3e-2018-VTAC305-D1-R5-V1_3EME	CO-3e-2018-VTAC305-D1-R5-V1		3EME	574	446	autre	ADJ	autres	autres	446	1	01-Normé	01-Normé	_	p	_	autre	_	s	autre	_	s	0	0	0
CO-3e-2018-VTAC305-D1-R5-V1_3EME	CO-3e-2018-VTAC305-D1-R5-V1		3EME	574	499	adolescent	ADJ	adolescents	adolescent	499	1	04-ApproxGraphique	01-Normé	m	p	_	adolescent	_	s	adolescent	_	_	0	0	1
CO-3e-2018-VTAC305-D1-R5-V1_3EME	CO-3e-2018-VTAC305-D1-R5-V1		3EME	574	518	blanc	ADJ	blancs	blanc	518	1	02-Phono	01-Normé	m	p	_	blanc	_	s	blanc	_	_	0	0	1
CO-3e-2016-VTAC305-D1-R8-V1_3EME	CO-3e-2016-VTAC305-D1-R8-V1		3EME	234	15	petit	ADJ	petite	petite	15	1	01-Normé	01-Normé	f	s	_	petit	e	_	petit	e	_	0	0	0
CO-3e-2016-VTAC305-D1-R8-V1_3EME	CO-3e-2016-VTAC305-D1-R8-V1		3EME	234	23	vieux	ADJ	vieille	vieille	23	1	01-Normé	01-Normé	f	s	_	vieill	e	_	vieill	e	_	0	0	0
CO-3e-2016-VTAC305-D1-R8-V1_3EME	CO-3e-2016-VTAC305-D1-R8-V1		3EME	234	140	froussard	ADJ	froussard	froussard	143	1	01-Normé	01-Normé	m	s	_	froussard	_	_	froussard	_	_	0	0	0
CO-3e-2016-VTAC305-D1-R8-V1_3EME	CO-3e-2016-VTAC305-D1-R8-V1		3EME	234	156	tombé	ADJ	tombée	tombé	159	1	02-Phono	01-Normé	f	s	_	tombé	e	_	tombé	_	_	0	1	0
CO-3e-2016-VTAC305-D1-R8-V1_3EME	CO-3e-2016-VTAC305-D1-R8-V1		3EME	234	169	autre	ADJ	autres	autre	172	1	04-ApproxGraphique	01-Normé	_	p	_	autre	_	s	autre	_	_	0	0	1
CO-3e-2016-VTAC305-D1-R8-V1_3EME	CO-3e-2016-VTAC305-D1-R8-V1		3EME	234	183	grand	ADJ	grand	grand	186	1	01-Normé	01-Normé	m	s	_	grand	_	_	grand	_	_	0	0	0
CO-3e-2016-VTAC305-D1-R8-V1_3EME	CO-3e-2016-VTAC305-D1-R8-V1		3EME	234	212	étrange	ADJ	étrange	étrange	215	1	01-Normé	01-Normé	_	s	_	étrange	_	_	étrange	_	_	0	0	0
CO-3e-2016-VTAC305-D1-R2-V1_3EME	CO-3e-2016-VTAC305-D1-R2-V1		3EME	162	7	grand	ADJ	grande	grande	6	1	01-Normé	01-Normé	f	s	_	grand	e	_	grand	e	_	0	0	0
CO-3e-2016-VTAC305-D1-R2-V1_3EME	CO-3e-2016-VTAC305-D1-R2-V1		3EME	162	11	grand	ADJ	grande	grande	10	1	01-Normé	01-Normé	f	s	_	grand	e	_	grand	e	_	0	0	0
CO-3e-2016-VTAC305-D1-R2-V1_3EME	CO-3e-2016-VTAC305-D1-R2-V1		3EME	162	58	grand	ADJ	grand	grand	57	1	01-Normé	01-Normé	m	s	_	grand	_	_	grand	_	_	0	0	0
CO-3e-2016-VTAC305-D1-R2-V1_3EME	CO-3e-2016-VTAC305-D1-R2-V1		3EME	162	65	âgé	ADJ	âgé	âgée	64	1	02-Phono	01-Normé	m	s	_	âgé	_	_	âgé	e	_	0	1	0
CO-3e-2016-VTAC305-D1-R2-V1_3EME	CO-3e-2016-VTAC305-D1-R2-V1		3EME	162	105	droit	ADJ	droit	droit	104	1	01-Normé	01-Normé	m	s	_	droit	_	_	droit	_	_	0	0	0
CO-3e-2016-VTAC305-D1-R2-V1_3EME	CO-3e-2016-VTAC305-D1-R2-V1		3EME	162	148	jeune	ADJ	jeune	jeune	149	1	01-Normé	01-Normé	_	s	_	jeune	_	_	jeune	_	_	0	0	0
CO-3e-2016-VTAC305-D1-R2-V1_3EME	CO-3e-2016-VTAC305-D1-R2-V1		3EME	162	160	volant	ADJ	volante	volante	161	1	01-Normé	01-Normé	f	s	_	volant	e	_	volant	e	_	0	0	0
CO-3e-2018-VTAC305-D1-R6-V1_3EME	CO-3e-2018-VTAC305-D1-R6-V1		3EME	620	16	inhabité	ADJ	inhabitée	inhabitait	16	1	03-Archi	01-Normé	f	s	_	inhabité	e	_	inhabitait	_	_	1	1	0
CO-3e-2018-VTAC305-D1-R6-V1_3EME	CO-3e-2018-VTAC305-D1-R6-V1		3EME	620	29	réel	ADJ	réelles	réelles	30	1	01-Normé	01-Normé	f	p	_	réell	e	s	réell	e	s	0	0	0
CO-3e-2018-VTAC305-D1-R6-V1_3EME	CO-3e-2018-VTAC305-D1-R6-V1		3EME	620	57	noir	ADJ	noire	noire	58	1	01-Normé	01-Normé	f	s	_	noir	e	_	noir	e	_	0	0	0
CO-3e-2018-VTAC305-D1-R6-V1_3EME	CO-3e-2018-VTAC305-D1-R6-V1		3EME	620	75	gigantesque	ADJ	gigantesque	gigantesque	76	1	01-Normé	01-Normé	_	s	_	gigantesque	_	_	gigantesque	_	_	0	0	0
CO-3e-2018-VTAC305-D1-R6-V1_3EME	CO-3e-2018-VTAC305-D1-R6-V1		3EME	620	77	intrigant	ADJ	intrigante	intrigante	78	1	01-Normé	01-Normé	f	s	_	intrigant	e	_	intrigant	e	_	0	0	0
CO-3e-2018-VTAC305-D1-R6-V1_3EME	CO-3e-2018-VTAC305-D1-R6-V1		3EME	620	131	grand	ADJ	grande	grande	132	1	01-Normé	01-Normé	f	s	_	grand	e	_	grand	e	_	0	0	0
CO-3e-2018-VTAC305-D1-R6-V1_3EME	CO-3e-2018-VTAC305-D1-R6-V1		3EME	620	133	sombre	ADJ	sombre	sombre	134	1	01-Normé	01-Normé	_	s	_	sombre	_	_	sombre	_	_	0	0	0
CO-3e-2018-VTAC305-D1-R6-V1_3EME	CO-3e-2018-VTAC305-D1-R6-V1		3EME	620	181	ouvert	ADJ	ouverts	ouverts	181	1	01-Normé	01-Normé	m	p	_	ouvert	_	s	ouvert	_	s	0	0	0
CO-3e-2018-VTAC305-D1-R6-V1_3EME	CO-3e-2018-VTAC305-D1-R6-V1		3EME	620	185	mis	ADJ	mise	mise	185	1	01-Normé	01-Normé	f	s	_	mis	e	_	mis	e	_	0	0	0
CO-3e-2018-VTAC305-D1-R6-V1_3EME	CO-3e-2018-VTAC305-D1-R6-V1		3EME	620	212	vieux	ADJ	vieil	viel	212	1	04-ApproxGraphique	01-Normé	m	s	_	vieil	_	_	viel	_	_	1	0	0
CO-3e-2018-VTAC305-D1-R6-V1_3EME	CO-3e-2018-VTAC305-D1-R6-V1		3EME	620	256	petit	ADJ	petite	petite	256	1	01-Normé	01-Normé	f	s	_	petit	e	_	petit	e	_	0	0	0
CO-3e-2018-VTAC305-D1-R6-V1_3EME	CO-3e-2018-VTAC305-D1-R6-V1		3EME	620	270	grand	ADJ	grande	grande	270	1	01-Normé	01-Normé	f	s	_	grand	e	_	grand	e	_	0	0	0
CO-3e-2018-VTAC305-D1-R6-V1_3EME	CO-3e-2018-VTAC305-D1-R6-V1		3EME	620	297	grand	ADJ	grand	grand	297	1	01-Normé	01-Normé	m	s	_	grand	_	_	grand	_	_	0	0	0
CO-3e-2018-VTAC305-D1-R6-V1_3EME	CO-3e-2018-VTAC305-D1-R6-V1		3EME	620	303	petit	ADJ	petite	petite	303	1	01-Normé	01-Normé	f	s	_	petit	e	_	petit	e	_	0	0	0
CO-3e-2018-VTAC305-D1-R6-V1_3EME	CO-3e-2018-VTAC305-D1-R6-V1		3EME	620	378	ami	ADJ	amie	amie	378	1	01-Normé	01-Normé	f	s	_	ami	e	_	ami	e	_	0	0	0
CO-3e-2018-VTAC305-D1-R6-V1_3EME	CO-3e-2018-VTAC305-D1-R6-V1		3EME	620	477	mystérieux	ADJ	mystérieuse	mystérieuse	477	1	01-Normé	01-Normé	f	s	_	mystérieus	e	_	mystérieus	e	_	0	0	0
CO-3e-2018-VTAC305-D1-R6-V1_3EME	CO-3e-2018-VTAC305-D1-R6-V1		3EME	620	531	petit	ADJ	petit	petit	532	1	01-Normé	01-Normé	m	s	_	petit	_	_	petit	_	_	0	0	0
CO-3e-2018-VTAC305-D1-R6-V1_3EME	CO-3e-2018-VTAC305-D1-R6-V1		3EME	620	604	coupable	ADJ	coupable	coupable	605	1	01-Normé	01-Normé	_	s	_	coupable	_	_	coupable	_	_	0	0	0
CO-3e-2018-VTAC305-D1-R1-V1_3EME	CO-3e-2018-VTAC305-D1-R1-V1		3EME	1192	17	grand	ADJ	grande	grande	17	1	01-Normé	01-Normé	f	s	_	grand	e	_	grand	e	_	0	0	0
CO-3e-2018-VTAC305-D1-R1-V1_3EME	CO-3e-2018-VTAC305-D1-R1-V1		3EME	1192	84	particulier	ADJ	particulière	particulière	84	1	01-Normé	01-Normé	f	s	_	particulièr	e	_	particulièr	e	_	0	0	0
CO-3e-2018-VTAC305-D1-R1-V1_3EME	CO-3e-2018-VTAC305-D1-R1-V1		3EME	1192	145	soudain	ADJ	soudaine	soudaine	145	1	01-Normé	01-Normé	f	s	_	soudain	e	_	soudain	e	_	0	0	0
CO-3e-2018-VTAC305-D1-R1-V1_3EME	CO-3e-2018-VTAC305-D1-R1-V1		3EME	1192	222	seul	ADJ	seule	seule	222	1	01-Normé	01-Normé	f	s	_	seul	e	_	seul	e	_	0	0	0
CO-3e-2018-VTAC305-D1-R1-V1_3EME	CO-3e-2018-VTAC305-D1-R1-V1		3EME	1192	255	grand	ADJ	grand	grand	255	1	01-Normé	01-Normé	m	s	_	grand	_	_	grand	_	_	0	0	0
CO-3e-2018-VTAC305-D1-R1-V1_3EME	CO-3e-2018-VTAC305-D1-R1-V1		3EME	1192	361	bon	ADJ	bons	bons	362	1	01-Normé	01-Normé	m	p	_	bon	_	s	bon	_	s	0	0	0
CO-3e-2018-VTAC305-D1-R1-V1_3EME	CO-3e-2018-VTAC305-D1-R1-V1		3EME	1192	378	juste	ADJ	juste	juste	379	1	01-Normé	01-Normé	_	s	_	juste	_	_	juste	_	_	0	0	0
CO-3e-2018-VTAC305-D1-R1-V1_3EME	CO-3e-2018-VTAC305-D1-R1-V1		3EME	1192	389	récurrent	ADJ	récurrent	récurent	390	1	04-ApproxGraphique	01-Normé	m	s	_	récurrent	_	_	récurent	_	_	1	0	0
CO-3e-2018-VTAC305-D1-R1-V1_3EME	CO-3e-2018-VTAC305-D1-R1-V1		3EME	1192	407	différent	ADJ	différent	différent	408	1	01-Normé	01-Normé	m	s	_	différent	_	_	différent	_	_	0	0	0
CO-3e-2018-VTAC305-D1-R1-V1_3EME	CO-3e-2018-VTAC305-D1-R1-V1		3EME	1192	414	flou	ADJ	floue	floue	415	1	01-Normé	01-Normé	f	s	_	flou	e	_	flou	e	_	0	0	0
CO-3e-2018-VTAC305-D1-R1-V1_3EME	CO-3e-2018-VTAC305-D1-R1-V1		3EME	1192	445	inquiet	ADJ	inquiet	inquiet	446	1	01-Normé	01-Normé	m	s	_	inquiet	_	_	inquiet	_	_	0	0	0
CO-3e-2018-VTAC305-D1-R1-V1_3EME	CO-3e-2018-VTAC305-D1-R1-V1		3EME	1192	503	muet	ADJ	muette	muette	503	1	01-Normé	01-Normé	f	s	_	muett	e	_	muett	e	_	0	0	0
CO-3e-2018-VTAC305-D1-R1-V1_3EME	CO-3e-2018-VTAC305-D1-R1-V1		3EME	1192	608	autre	ADJ	autre	autre	606	1	01-Normé	01-Normé	_	s	_	autre	_	_	autre	_	_	0	0	0
CO-3e-2018-VTAC305-D1-R1-V1_3EME	CO-3e-2018-VTAC305-D1-R1-V1		3EME	1192	702	parental	ADJ	parentale	parentale	700	1	01-Normé	01-Normé	f	s	_	parental	e	_	parental	e	_	0	0	0
CO-3e-2018-VTAC305-D1-R1-V1_3EME	CO-3e-2018-VTAC305-D1-R1-V1		3EME	1192	744	spécifique	ADJ	spécifique	spécifique	742	1	01-Normé	01-Normé	_	s	_	spécifique	_	_	spécifique	_	_	0	0	0
CO-3e-2018-VTAC305-D1-R1-V1_3EME	CO-3e-2018-VTAC305-D1-R1-V1		3EME	1192	773	simple	ADJ	simple	simple	771	1	01-Normé	01-Normé	_	s	_	simple	_	_	simple	_	_	0	0	0
CO-3e-2018-VTAC305-D1-R1-V1_3EME	CO-3e-2018-VTAC305-D1-R1-V1		3EME	1192	856	complice	ADJ	complice	complice	854	1	01-Normé	01-Normé	_	s	_	complice	_	_	complice	_	_	0	0	0
CO-3e-2018-VTAC305-D1-R1-V1_3EME	CO-3e-2018-VTAC305-D1-R1-V1		3EME	1192	907	droit	ADJ	droite	droite	905	1	01-Normé	01-Normé	f	s	_	droit	e	_	droit	e	_	0	0	0
CO-3e-2018-VTAC305-D1-R1-V1_3EME	CO-3e-2018-VTAC305-D1-R1-V1		3EME	1192	969	rouge	ADJ	rouge	rouge	967	1	01-Normé	01-Normé	_	s	_	rouge	_	_	rouge	_	_	0	0	0
CO-3e-2018-VTAC305-D1-R1-V1_3EME	CO-3e-2018-VTAC305-D1-R1-V1		3EME	1192	971	blanc	ADJ	blanc	blanc	969	1	01-Normé	01-Normé	m	s	_	blanc	_	_	blanc	_	_	0	0	0
CO-3e-2018-VTAC305-D1-R1-V1_3EME	CO-3e-2018-VTAC305-D1-R1-V1		3EME	1192	1059	opératoire	ADJ	opératoire	opératoire	1057	1	01-Normé	01-Normé	_	s	_	opératoire	_	_	opératoire	_	_	0	0	0
CO-3e-2018-VTAC305-D1-R1-V1_3EME	CO-3e-2018-VTAC305-D1-R1-V1		3EME	1192	1177	petit	ADJ	petite	petite	1175	1	01-Normé	01-Normé	f	s	_	petit	e	_	petit	e	_	0	0	0
CO-3e-2016-VTAC305-D1-R15-V1_3EME	CO-3e-2016-VTAC305-D1-R15-V1		3EME	252	8	beau	ADJ	belle	belle	8	1	01-Normé	01-Normé	f	s	_	bell	e	_	bell	e	_	0	0	0
CO-3e-2016-VTAC305-D1-R15-V1_3EME	CO-3e-2016-VTAC305-D1-R15-V1		3EME	252	40	pur	ADJ	pur	pur	40	1	01-Normé	01-Normé	m	s	_	pur	_	_	pur	_	_	0	0	0
CO-3e-2016-VTAC305-D1-R15-V1_3EME	CO-3e-2016-VTAC305-D1-R15-V1		3EME	252	153	grand	ADJ	grand	grand	153	1	01-Normé	01-Normé	m	s	_	grand	_	_	grand	_	_	0	0	0
CO-3e-2016-VTAC305-D1-R15-V1_3EME	CO-3e-2016-VTAC305-D1-R15-V1		3EME	252	209	autre	ADJ	autre	autre	209	1	01-Normé	01-Normé	_	s	_	autre	_	_	autre	_	_	0	0	0
CO-3e-2016-VTAC305-D1-R15-V1_3EME	CO-3e-2016-VTAC305-D1-R15-V1		3EME	252	220	proche	ADJ	proche	proche	220	1	01-Normé	01-Normé	_	s	_	proche	_	_	proche	_	_	0	0	0
CO-3e-2018-FSBJC6-D1-R13-V1_3EME	CO-3e-2018-FSBJC6-D1-R13-V1		3EME	272	5	grand	ADJ	grande	grande	5	1	01-Normé	01-Normé	f	s	_	grand	e	_	grand	e	_	0	0	0
CO-3e-2018-FSBJC6-D1-R13-V1_3EME	CO-3e-2018-FSBJC6-D1-R13-V1		3EME	272	40	respectif	ADJ	respectives	respectives	41	1	01-Normé	01-Normé	f	p	_	respectiv	e	s	respectiv	e	s	0	0	0
CO-3e-2018-FSBJC6-D1-R13-V1_3EME	CO-3e-2018-FSBJC6-D1-R13-V1		3EME	272	59	possible	ADJ	possible	possibl	61	1	02-Phono	01-Normé	_	s	_	possible	_	_	possibl	_	_	1	0	0
CO-3e-2018-FSBJC6-D1-R13-V1_3EME	CO-3e-2018-FSBJC6-D1-R13-V1		3EME	272	139	plein	ADJ	pleine	pleine	142	1	01-Normé	01-Normé	f	s	_	plein	e	_	plein	e	_	0	0	0
CO-3e-2018-FSBJC6-D1-R13-V1_3EME	CO-3e-2018-FSBJC6-D1-R13-V1		3EME	272	151	grand	ADJ	grande	grande	154	1	01-Normé	01-Normé	f	s	_	grand	e	_	grand	e	_	0	0	0
CO-3e-2018-FSBJC6-D1-R13-V1_3EME	CO-3e-2018-FSBJC6-D1-R13-V1		3EME	272	167	plein	ADJ	pleine	pleine	170	1	01-Normé	01-Normé	f	s	_	plein	e	_	plein	e	_	0	0	0
CO-3e-2018-FSBJC6-D1-R13-V1_3EME	CO-3e-2018-FSBJC6-D1-R13-V1		3EME	272	176	juste	ADJ	juste	juste	179	1	01-Normé	01-Normé	_	s	_	juste	_	_	juste	_	_	0	0	0
CO-3e-2018-FSBJC6-D1-R13-V1_3EME	CO-3e-2018-FSBJC6-D1-R13-V1		3EME	272	225	bonhomme	ADJ	bonhomme	bonhomme	229	1	01-Normé	01-Normé	m	s	_	bonhomme	_	_	bonhomme	_	_	0	0	0
CO-3e-2018-FSBJC6-D1-R13-V1_3EME	CO-3e-2018-FSBJC6-D1-R13-V1		3EME	272	252	grand	ADJ	grande	grande	256	1	01-Normé	01-Normé	f	s	_	grand	e	_	grand	e	_	0	0	0
CO-3e-2018-FSBJC6-D1-R13-V1_3EME	CO-3e-2018-FSBJC6-D1-R13-V1		3EME	272	259	jeune	ADJ	jeune	jeune	263	1	01-Normé	01-Normé	_	s	_	jeune	_	_	jeune	_	_	0	0	0
CO-3e-2018-FSBJC6-D1-R13-V1_3EME	CO-3e-2018-FSBJC6-D1-R13-V1		3EME	272	264	retentissant	ADJ	retentissants	retentissant	268	1	02-Phono	01-Normé	m	p	_	retentissant	_	s	retentissant	_	_	0	0	1
CO-3e-2018-FSBJC6-D1-R13-V1_3EME	CO-3e-2018-FSBJC6-D1-R13-V1		3EME	272	266	sonore	ADJ	sonores	sonore	270	1	02-Phono	01-Normé	_	p	_	sonore	_	s	sonore	_	_	0	0	1
CO-3e-2018-FSBJC6-D1-R13-V1_3EME	CO-3e-2018-FSBJC6-D1-R13-V1		3EME	272	273	grand	ADJ	grand	grand	277	1	01-Normé	01-Normé	m	s	_	grand	_	_	grand	_	_	0	0	0
CO-3e-2016-VTAC305-D1-R14-V1_3EME	CO-3e-2016-VTAC305-D1-R14-V1		3EME	162	14	jeune	ADJ	jeune	jeune	14	1	01-Normé	01-Normé	_	s	_	jeune	_	_	jeune	_	_	0	0	0
CO-3e-2016-VTAC305-D1-R14-V1_3EME	CO-3e-2016-VTAC305-D1-R14-V1		3EME	162	22	petit	ADJ	petit	petit	22	1	01-Normé	01-Normé	m	s	_	petit	_	_	petit	_	_	0	0	0
CO-3e-2016-VTAC305-D1-R14-V1_3EME	CO-3e-2016-VTAC305-D1-R14-V1		3EME	162	28	plein	ADJ	pleine	pleine	28	1	01-Normé	01-Normé	f	s	_	plein	e	_	plein	e	_	0	0	0
CO-3e-2016-VTAC305-D1-R14-V1_3EME	CO-3e-2016-VTAC305-D1-R14-V1		3EME	162	42	petit	ADJ	petit	petit	42	1	01-Normé	01-Normé	m	s	_	petit	_	_	petit	_	_	0	0	0
CO-3e-2016-VTAC305-D1-R14-V1_3EME	CO-3e-2016-VTAC305-D1-R14-V1		3EME	162	75	jeune	ADJ	jeune	jeune	75	1	01-Normé	01-Normé	_	s	_	jeune	_	_	jeune	_	_	0	0	0
CO-3e-2016-VTAC305-D1-R14-V1_3EME	CO-3e-2016-VTAC305-D1-R14-V1		3EME	162	97	énorme	ADJ	énorme	énorme	97	1	01-Normé	01-Normé	_	s	_	énorme	_	_	énorme	_	_	0	0	0
CO-3e-2016-VTAC305-D1-R14-V1_3EME	CO-3e-2016-VTAC305-D1-R14-V1		3EME	162	108	grand	ADJ	grand	grand	108	1	01-Normé	01-Normé	m	s	_	grand	_	_	grand	_	_	0	0	0
CO-3e-2016-VTAC305-D1-R18-V1_3EME	CO-3e-2016-VTAC305-D1-R18-V1		3EME	523	10	jeune	ADJ	jeune	jeune	10	1	01-Normé	01-Normé	_	s	_	jeune	_	_	jeune	_	_	0	0	0
CO-3e-2016-VTAC305-D1-R18-V1_3EME	CO-3e-2016-VTAC305-D1-R18-V1		3EME	523	15	âgé	ADJ	âgée	agée	15	1	02-Phono	01-Normé	f	s	_	âgé	e	_	agé	e	_	1	0	0
CO-3e-2016-VTAC305-D1-R18-V1_3EME	CO-3e-2016-VTAC305-D1-R18-V1		3EME	523	62	présent	ADJ	présente	présente	62	1	01-Normé	01-Normé	f	s	_	présent	e	_	présent	e	_	0	0	0
CO-3e-2016-VTAC305-D1-R18-V1_3EME	CO-3e-2016-VTAC305-D1-R18-V1		3EME	523	84	nouveau	ADJ	nouveau	nouveau	84	1	01-Normé	01-Normé	m	s	_	nouveau	_	_	nouveau	_	_	0	0	0
CO-3e-2016-VTAC305-D1-R18-V1_3EME	CO-3e-2016-VTAC305-D1-R18-V1		3EME	523	97	nombreux	ADJ	nombreuses	nombreuses	97	1	01-Normé	01-Normé	f	p	_	nombreus	e	s	nombreus	e	s	0	0	0
CO-3e-2016-VTAC305-D1-R18-V1_3EME	CO-3e-2016-VTAC305-D1-R18-V1		3EME	523	108	voisin	ADJ	voisine	voisine	108	1	01-Normé	01-Normé	f	s	_	voisin	e	_	voisin	e	_	0	0	0
CO-3e-2016-VTAC305-D1-R18-V1_3EME	CO-3e-2016-VTAC305-D1-R18-V1		3EME	523	113	jeune	ADJ	jeune	jeune	113	1	01-Normé	01-Normé	_	s	_	jeune	_	_	jeune	_	_	0	0	0
CO-3e-2016-VTAC305-D1-R18-V1_3EME	CO-3e-2016-VTAC305-D1-R18-V1		3EME	523	130	petit	ADJ	petites	petite	130	1	02-Phono	01-Normé	f	p	_	petit	e	s	petit	e	_	0	0	1
CO-3e-2016-VTAC305-D1-R18-V1_3EME	CO-3e-2016-VTAC305-D1-R18-V1		3EME	523	176	sombre	ADJ	sombre	sombre	178	1	01-Normé	01-Normé	_	s	_	sombre	_	_	sombre	_	_	0	0	0
CO-3e-2016-VTAC305-D1-R18-V1_3EME	CO-3e-2016-VTAC305-D1-R18-V1		3EME	523	178	poussiéreux	ADJ	poussiéreux	poussiéreux	180	1	01-Normé	01-Normé	m	_	_	poussiéreux	_	_	poussiéreux	_	_	0	0	0
CO-3e-2016-VTAC305-D1-R18-V1_3EME	CO-3e-2016-VTAC305-D1-R18-V1		3EME	523	180	lugubre	ADJ	lugubre	lugubre	182	1	01-Normé	01-Normé	_	s	_	lugubre	_	_	lugubre	_	_	0	0	0
CO-3e-2016-VTAC305-D1-R18-V1_3EME	CO-3e-2016-VTAC305-D1-R18-V1		3EME	523	198	humain	ADJ	humaine	humaine	200	1	01-Normé	01-Normé	f	s	_	humain	e	_	humain	e	_	0	0	0
CO-3e-2016-VTAC305-D1-R18-V1_3EME	CO-3e-2016-VTAC305-D1-R18-V1		3EME	523	203	petit	ADJ	petite	petite	205	1	01-Normé	01-Normé	f	s	_	petit	e	_	petit	e	_	0	0	0
CO-3e-2016-VTAC305-D1-R18-V1_3EME	CO-3e-2016-VTAC305-D1-R18-V1		3EME	523	231	grand	ADJ	grand	grand	233	1	01-Normé	01-Normé	m	s	_	grand	_	_	grand	_	_	0	0	0
CO-3e-2016-VTAC305-D1-R18-V1_3EME	CO-3e-2016-VTAC305-D1-R18-V1		3EME	523	252	normal	ADJ	normale	normale	254	1	01-Normé	01-Normé	f	s	_	normal	e	_	normal	e	_	0	0	0
CO-3e-2016-VTAC305-D1-R18-V1_3EME	CO-3e-2016-VTAC305-D1-R18-V1		3EME	523	257	petit	ADJ	petite	petite	259	1	01-Normé	01-Normé	f	s	_	petit	e	_	petit	e	_	0	0	0
CO-3e-2016-VTAC305-D1-R18-V1_3EME	CO-3e-2016-VTAC305-D1-R18-V1		3EME	523	308	voisin	ADJ	voisin	voisin	310	1	01-Normé	01-Normé	m	s	_	voisin	_	_	voisin	_	_	0	0	0
CO-3e-2016-VTAC305-D1-R18-V1_3EME	CO-3e-2016-VTAC305-D1-R18-V1		3EME	523	311	grand	ADJ	grande	grande	313	1	01-Normé	01-Normé	f	s	_	grand	e	_	grand	e	_	0	0	0
CO-3e-2016-VTAC305-D1-R18-V1_3EME	CO-3e-2016-VTAC305-D1-R18-V1		3EME	523	322	petit	ADJ	petite	petite	324	1	01-Normé	01-Normé	f	s	_	petit	e	_	petit	e	_	0	0	0
CO-3e-2016-VTAC305-D1-R18-V1_3EME	CO-3e-2016-VTAC305-D1-R18-V1		3EME	523	330	préférable	ADJ	préférable	préférable	332	1	01-Normé	01-Normé	_	s	_	préférable	_	_	préférable	_	_	0	0	0
CO-3e-2016-VTAC305-D1-R18-V1_3EME	CO-3e-2016-VTAC305-D1-R18-V1		3EME	523	344	curieux	ADJ	curieux	curieux	346	1	01-Normé	01-Normé	m	_	_	curieux	_	_	curieux	_	_	0	0	0
CO-3e-2016-VTAC305-D1-R18-V1_3EME	CO-3e-2016-VTAC305-D1-R18-V1		3EME	523	407	nombreux	ADJ	nombreux	nombreux	409	1	01-Normé	01-Normé	m	_	_	nombreux	_	_	nombreux	_	_	0	0	0
CO-3e-2016-VTAC305-D1-R18-V1_3EME	CO-3e-2016-VTAC305-D1-R18-V1		3EME	523	460	normal	ADJ	normale	normale	462	1	01-Normé	01-Normé	f	s	_	normal	e	_	normal	e	_	0	0	0
CO-3e-2016-VTAC305-D1-R13-V1_3EME	CO-3e-2016-VTAC305-D1-R13-V1		3EME	199	14	mystérieux	ADJ	mystérieuse	mistèrieuse	14	1	03-Archi	01-Normé	f	s	_	mystérieus	e	_	mistèrieus	e	_	1	0	0
CO-3e-2016-VTAC305-D1-R13-V1_3EME	CO-3e-2016-VTAC305-D1-R13-V1		3EME	199	17	âgé	ADJ	âgée	agée	17	1	04-ApproxGraphique	01-Normé	f	s	_	âgé	e	_	agé	e	_	1	0	0
CO-3e-2016-VTAC305-D1-R13-V1_3EME	CO-3e-2016-VTAC305-D1-R13-V1		3EME	199	86	vieux	ADJ	vieille	vielle	85	1	04-ApproxGraphique	01-Normé	f	s	_	vieill	e	_	viell	e	_	1	0	0
CO-3e-2016-VTAC305-D1-R13-V1_3EME	CO-3e-2016-VTAC305-D1-R13-V1		3EME	199	99	âgé	ADJ	âgés	agé	98	1	02-Phono	01-Normé	m	p	_	âgé	_	s	agé	_	_	1	0	1
CO-3e-2016-VTAC305-D1-R13-V1_3EME	CO-3e-2016-VTAC305-D1-R13-V1		3EME	199	116	sombre	ADJ	sombre	sombre	115	1	01-Normé	01-Normé	_	s	_	sombre	_	_	sombre	_	_	0	0	0
CO-3e-2016-VTAC305-D1-R13-V1_3EME	CO-3e-2016-VTAC305-D1-R13-V1		3EME	199	118	miteux	ADJ	miteux	miteus	117	1	02-Phono	01-Normé	m	_	_	miteux	_	_	miteus	_	_	1	0	0
CO-3e-2016-VTAC305-D1-R13-V1_3EME	CO-3e-2016-VTAC305-D1-R13-V1		3EME	199	120	étrange	ADJ	étrange	étrange	119	1	01-Normé	01-Normé	_	s	_	étrange	_	_	étrange	_	_	0	0	0
CO-3e-2016-VTAC305-D1-R13-V1_3EME	CO-3e-2016-VTAC305-D1-R13-V1		3EME	199	132	grand	ADJ	grand	grand	131	1	01-Normé	01-Normé	m	s	_	grand	_	_	grand	_	_	0	0	0
CO-3e-2016-VTAC305-D1-R13-V1_3EME	CO-3e-2016-VTAC305-D1-R13-V1		3EME	199	152	grand	ADJ	grand	grand	151	1	01-Normé	01-Normé	m	s	_	grand	_	_	grand	_	_	0	0	0
CO-3e-2018-FSBJC6-D1-R5-V1_3EME	CO-3e-2018-FSBJC6-D1-R5-V1		3EME	404	33	jeune	ADJ	jeune	jeune	33	1	01-Normé	01-Normé	_	s	_	jeune	_	_	jeune	_	_	0	0	0
CO-3e-2018-FSBJC6-D1-R5-V1_3EME	CO-3e-2018-FSBJC6-D1-R5-V1		3EME	404	83	charmant	ADJ	charmante	charmante	83	1	01-Normé	01-Normé	f	s	_	charmant	e	_	charmant	e	_	0	0	0
CO-3e-2018-FSBJC6-D1-R5-V1_3EME	CO-3e-2018-FSBJC6-D1-R5-V1		3EME	404	87	petit	ADJ	petit	petit	87	1	01-Normé	01-Normé	m	s	_	petit	_	_	petit	_	_	0	0	0
CO-3e-2018-FSBJC6-D1-R5-V1_3EME	CO-3e-2018-FSBJC6-D1-R5-V1		3EME	404	114	petit	ADJ	petit	petit	114	1	01-Normé	01-Normé	m	s	_	petit	_	_	petit	_	_	0	0	0
CO-3e-2018-FSBJC6-D1-R5-V1_3EME	CO-3e-2018-FSBJC6-D1-R5-V1		3EME	404	126	souffrant	ADJ	Souffrante	Souffrante	126	1	01-Normé	01-Normé	f	s	_	souffrant	e	_	souffrant	e	_	0	0	0
CO-3e-2018-FSBJC6-D1-R5-V1_3EME	CO-3e-2018-FSBJC6-D1-R5-V1		3EME	404	164	difficile	ADJ	difficile	difficile	164	1	01-Normé	01-Normé	_	s	_	difficile	_	_	difficile	_	_	0	0	0
CO-3e-2018-FSBJC6-D1-R5-V1_3EME	CO-3e-2018-FSBJC6-D1-R5-V1		3EME	404	184	bon	ADJ	bonnes	bonnes	184	1	01-Normé	01-Normé	f	p	_	bonn	e	s	bonn	e	s	0	0	0
CO-3e-2018-FSBJC6-D1-R5-V1_3EME	CO-3e-2018-FSBJC6-D1-R5-V1		3EME	404	231	jeune	ADJ	jeune	jeune	231	1	01-Normé	01-Normé	_	s	_	jeune	_	_	jeune	_	_	0	0	0
CO-3e-2018-FSBJC6-D1-R5-V1_3EME	CO-3e-2018-FSBJC6-D1-R5-V1		3EME	404	239	grand	ADJ	grande	grande	239	1	01-Normé	01-Normé	f	s	_	grand	e	_	grand	e	_	0	0	0
CO-3e-2018-FSBJC6-D1-R5-V1_3EME	CO-3e-2018-FSBJC6-D1-R5-V1		3EME	404	241	familial	ADJ	familiale	familiale	241	1	01-Normé	01-Normé	f	s	_	familial	e	_	familial	e	_	0	0	0
CO-3e-2018-FSBJC6-D1-R5-V1_3EME	CO-3e-2018-FSBJC6-D1-R5-V1		3EME	404	313	grand	ADJ	grand	grand	313	1	01-Normé	01-Normé	m	s	_	grand	_	_	grand	_	_	0	0	0
CO-3e-2018-FSBJC6-D1-R5-V1_3EME	CO-3e-2018-FSBJC6-D1-R5-V1		3EME	404	323	gros	ADJ	grosse	grosse	323	1	01-Normé	01-Normé	f	s	_	gross	e	_	gross	e	_	0	0	0
CO-3e-2018-FSBJC6-D1-R5-V1_3EME	CO-3e-2018-FSBJC6-D1-R5-V1		3EME	404	359	étrange	ADJ	étranges	étranges	359	1	01-Normé	01-Normé	_	p	_	étrange	_	s	étrange	_	s	0	0	0
CO-3e-2018-FSBJC6-D1-R5-V1_3EME	CO-3e-2018-FSBJC6-D1-R5-V1		3EME	404	378	rouge	ADJ	rouges	rouges	378	1	01-Normé	01-Normé	_	p	_	rouge	_	s	rouge	_	s	0	0	0
CO-3e-2018-FSBJC6-D1-R5-V1_3EME	CO-3e-2018-FSBJC6-D1-R5-V1		3EME	404	391	sourd	ADJ	sourds	sourds	391	1	01-Normé	01-Normé	m	p	_	sourd	_	s	sourd	_	s	0	0	0
CO-3e-2018-FSBJC6-D1-R5-V1_3EME	CO-3e-2018-FSBJC6-D1-R5-V1		3EME	404	399	aventurier	ADJ	Aventurière	Aventurière	399	1	01-Normé	01-Normé	f	s	_	aventurièr	e	_	aventurièr	e	_	0	0	0
CO-3e-2018-FSBJC6-D1-R5-V1_3EME	CO-3e-2018-FSBJC6-D1-R5-V1		3EME	404	401	impulsif	ADJ	impulsive	impulsive	401	1	01-Normé	01-Normé	f	s	_	impulsiv	e	_	impulsiv	e	_	0	0	0
CO-3e-2018-FSBJC6-D1-R5-V1_3EME	CO-3e-2018-FSBJC6-D1-R5-V1		3EME	404	404	jeune	ADJ	jeune	jeune	404	1	01-Normé	01-Normé	_	s	_	jeune	_	_	jeune	_	_	0	0	0
CO-3e-2018-FSBJC6-D1-R5-V1_3EME	CO-3e-2018-FSBJC6-D1-R5-V1		3EME	404	414	étrange	ADJ	étrange	étrange	414	1	01-Normé	01-Normé	_	s	_	étrange	_	_	étrange	_	_	0	0	0
CO-3e-2018-VTAC305-D1-R7-V1_3EME	CO-3e-2018-VTAC305-D1-R7-V1		3EME	486	5	sombre	ADJ	sombre	sombre	5	1	01-Normé	01-Normé	_	s	_	sombre	_	_	sombre	_	_	0	0	0
CO-3e-2018-VTAC305-D1-R7-V1_3EME	CO-3e-2018-VTAC305-D1-R7-V1		3EME	486	55	lumineux	ADJ	lumineux	lumineux	55	1	01-Normé	01-Normé	m	_	_	lumineux	_	_	lumineux	_	_	0	0	0
CO-3e-2018-VTAC305-D1-R7-V1_3EME	CO-3e-2018-VTAC305-D1-R7-V1		3EME	486	70	petit	ADJ	petits	petits	70	1	01-Normé	01-Normé	m	p	_	petit	_	s	petit	_	s	0	0	0
CO-3e-2018-VTAC305-D1-R7-V1_3EME	CO-3e-2018-VTAC305-D1-R7-V1		3EME	486	84	petit	ADJ	petite	petite	84	1	01-Normé	01-Normé	f	s	_	petit	e	_	petit	e	_	0	0	0
CO-3e-2018-VTAC305-D1-R7-V1_3EME	CO-3e-2018-VTAC305-D1-R7-V1		3EME	486	96	sombre	ADJ	sombre	sombre	96	1	01-Normé	01-Normé	_	s	_	sombre	_	_	sombre	_	_	0	0	0
CO-3e-2018-VTAC305-D1-R7-V1_3EME	CO-3e-2018-VTAC305-D1-R7-V1		3EME	486	119	rare	ADJ	rares	rare	119	1	02-Phono	01-Normé	_	p	_	rare	_	s	rare	_	_	0	0	1
CO-3e-2018-VTAC305-D1-R7-V1_3EME	CO-3e-2018-VTAC305-D1-R7-V1		3EME	486	126	jeune	ADJ	jeunes	jeunes	126	1	01-Normé	01-Normé	_	p	_	jeune	_	s	jeune	_	s	0	0	0
CO-3e-2018-VTAC305-D1-R7-V1_3EME	CO-3e-2018-VTAC305-D1-R7-V1		3EME	486	133	seul	ADJ	seule	seule	133	1	01-Normé	01-Normé	f	s	_	seul	e	_	seul	e	_	0	0	0
CO-3e-2018-VTAC305-D1-R7-V1_3EME	CO-3e-2018-VTAC305-D1-R7-V1		3EME	486	142	long	ADJ	longue	longue	142	1	01-Normé	01-Normé	f	s	_	longu	e	_	longu	e	_	0	0	0
CO-3e-2018-VTAC305-D1-R7-V1_3EME	CO-3e-2018-VTAC305-D1-R7-V1		3EME	486	144	interminable	ADJ	interminable	interminable	144	1	01-Normé	01-Normé	_	s	_	interminable	_	_	interminable	_	_	0	0	0
CO-3e-2018-VTAC305-D1-R7-V1_3EME	CO-3e-2018-VTAC305-D1-R7-V1		3EME	486	159	distinct	ADJ	distincte	distinct	159	1	04-ApproxGraphique	01-Normé	f	s	_	distinct	e	_	distinct	_	_	0	1	0
CO-3e-2018-VTAC305-D1-R7-V1_3EME	CO-3e-2018-VTAC305-D1-R7-V1		3EME	486	162	noir	ADJ	noir	noir	162	1	01-Normé	01-Normé	m	s	_	noir	_	_	noir	_	_	0	0	0
CO-3e-2018-VTAC305-D1-R7-V1_3EME	CO-3e-2018-VTAC305-D1-R7-V1		3EME	486	167	vieux	ADJ	vieille	vielle	167	1	04-ApproxGraphique	01-Normé	f	s	_	vieill	e	_	viell	e	_	1	0	0
CO-3e-2018-VTAC305-D1-R7-V1_3EME	CO-3e-2018-VTAC305-D1-R7-V1		3EME	486	208	même	ADJ	même	même	208	1	01-Normé	01-Normé	_	s	_	même	_	_	même	_	_	0	0	0
CO-3e-2018-VTAC305-D1-R7-V1_3EME	CO-3e-2018-VTAC305-D1-R7-V1		3EME	486	226	dernier	ADJ	dernière	dernière	226	1	01-Normé	01-Normé	f	s	_	dernièr	e	_	dernièr	e	_	0	0	0
CO-3e-2018-VTAC305-D1-R7-V1_3EME	CO-3e-2018-VTAC305-D1-R7-V1		3EME	486	252	long	ADJ	long	long	252	1	01-Normé	01-Normé	m	s	_	long	_	_	long	_	_	0	0	0
CO-3e-2018-VTAC305-D1-R7-V1_3EME	CO-3e-2018-VTAC305-D1-R7-V1		3EME	486	289	jeune	ADJ	jeunes	jeunes	289	1	01-Normé	01-Normé	_	p	_	jeune	_	s	jeune	_	s	0	0	0
CO-3e-2018-VTAC305-D1-R7-V1_3EME	CO-3e-2018-VTAC305-D1-R7-V1		3EME	486	301	long	ADJ	long	long	301	1	01-Normé	01-Normé	m	s	_	long	_	_	long	_	_	0	0	0
CO-3e-2018-VTAC305-D1-R7-V1_3EME	CO-3e-2018-VTAC305-D1-R7-V1		3EME	486	320	stylé	ADJ	stylée	stylé	320	1	02-Phono	01-Normé	f	s	_	stylé	e	_	stylé	_	_	0	1	0
CO-3e-2018-VTAC305-D1-R7-V1_3EME	CO-3e-2018-VTAC305-D1-R7-V1		3EME	486	337	confiant	ADJ	confiant	confiant	337	1	01-Normé	01-Normé	m	s	_	confiant	_	_	confiant	_	_	0	0	0
CO-3e-2018-VTAC305-D1-R7-V1_3EME	CO-3e-2018-VTAC305-D1-R7-V1		3EME	486	361	grand	ADJ	grand	grand	361	1	01-Normé	01-Normé	m	s	_	grand	_	_	grand	_	_	0	0	0
CO-3e-2018-VTAC305-D1-R7-V1_3EME	CO-3e-2018-VTAC305-D1-R7-V1		3EME	486	384	long	ADJ	longs	longs	384	1	01-Normé	01-Normé	m	p	_	long	_	s	long	_	s	0	0	0
CO-3e-2018-VTAC305-D1-R7-V1_3EME	CO-3e-2018-VTAC305-D1-R7-V1		3EME	486	392	jeune	ADJ	jeune	jeune	392	1	01-Normé	01-Normé	_	s	_	jeune	_	_	jeune	_	_	0	0	0
CO-3e-2018-VTAC305-D1-R7-V1_3EME	CO-3e-2018-VTAC305-D1-R7-V1		3EME	486	423	petit	ADJ	petit	petit	423	1	01-Normé	01-Normé	m	s	_	petit	_	_	petit	_	_	0	0	0
CO-3e-2018-VTAC305-D1-R7-V1_3EME	CO-3e-2018-VTAC305-D1-R7-V1		3EME	486	429	matinal	ADJ	matinal	matinal	429	1	01-Normé	01-Normé	m	s	_	matinal	_	_	matinal	_	_	0	0	0
CO-3e-2018-VTAC305-D1-R7-V1_3EME	CO-3e-2018-VTAC305-D1-R7-V1		3EME	486	435	gros	ADJ	gros	gros	435	1	01-Normé	01-Normé	m	_	_	gros	_	_	gros	_	_	0	0	0
CO-3e-2018-VTAC305-D1-R7-V1_3EME	CO-3e-2018-VTAC305-D1-R7-V1		3EME	486	439	jeune	ADJ	jeunes	jeunes	439	1	01-Normé	01-Normé	_	p	_	jeune	_	s	jeune	_	s	0	0	0
CO-3e-2018-VTAC305-D1-R7-V1_3EME	CO-3e-2018-VTAC305-D1-R7-V1		3EME	486	450	autre	ADJ	autre	autre	450	1	01-Normé	01-Normé	_	s	_	autre	_	_	autre	_	_	0	0	0
CO-3e-2016-VTAC305-D1-R24-V1_3EME	CO-3e-2016-VTAC305-D1-R24-V1		3EME	674	29	petit	ADJ	petite	petite	29	1	01-Normé	01-Normé	f	s	_	petit	e	_	petit	e	_	0	0	0
CO-3e-2016-VTAC305-D1-R24-V1_3EME	CO-3e-2016-VTAC305-D1-R24-V1		3EME	674	35	nommé	ADJ	nommé	nomé	35	1	02-Phono	01-Normé	m	s	_	nommé	_	_	nomé	_	_	1	0	0
CO-3e-2016-VTAC305-D1-R24-V1_3EME	CO-3e-2016-VTAC305-D1-R24-V1		3EME	674	72	jeune	ADJ	jeune	jeune	72	1	01-Normé	01-Normé	_	s	_	jeune	_	_	jeune	_	_	0	0	0
CO-3e-2016-VTAC305-D1-R24-V1_3EME	CO-3e-2016-VTAC305-D1-R24-V1		3EME	674	182	satanique	ADJ	sataniques	sataniquxx	183	1	04-ApproxGraphique	01-Normé	_	p	_	satanique	_	s	sataniquxx	_	_	1	0	1
CO-3e-2016-VTAC305-D1-R24-V1_3EME	CO-3e-2016-VTAC305-D1-R24-V1		3EME	674	234	autre	ADJ	autres	autres	235	1	01-Normé	01-Normé	_	p	_	autre	_	s	autre	_	s	0	0	0
CO-3e-2016-VTAC305-D1-R24-V1_3EME	CO-3e-2016-VTAC305-D1-R24-V1		3EME	674	286	fier	ADJ	fière	fière	287	1	01-Normé	01-Normé	f	s	_	fièr	e	_	fièr	e	_	0	0	0
CO-3e-2016-VTAC305-D1-R24-V1_3EME	CO-3e-2016-VTAC305-D1-R24-V1		3EME	674	349	mystérieux	ADJ	mystérieuse	mystérieuse	350	1	01-Normé	01-Normé	f	s	_	mystérieus	e	_	mystérieus	e	_	0	0	0
CO-3e-2016-VTAC305-D1-R24-V1_3EME	CO-3e-2016-VTAC305-D1-R24-V1		3EME	674	380	dangereux	ADJ	dangereux	dangereux	382	1	01-Normé	01-Normé	m	_	_	dangereux	_	_	dangereux	_	_	0	0	0
CO-3e-2016-VTAC305-D1-R24-V1_3EME	CO-3e-2016-VTAC305-D1-R24-V1		3EME	674	429	fameux	ADJ	fameuse	fameuse	431	1	01-Normé	01-Normé	f	s	_	fameus	e	_	fameus	e	_	0	0	0
CO-3e-2016-VTAC305-D1-R24-V1_3EME	CO-3e-2016-VTAC305-D1-R24-V1		3EME	674	447	seul	ADJ	seule	seule	451	1	01-Normé	01-Normé	f	s	_	seul	e	_	seul	e	_	0	0	0
CO-3e-2016-VTAC305-D1-R24-V1_3EME	CO-3e-2016-VTAC305-D1-R24-V1		3EME	674	486	plein	ADJ	pleine	pleine	490	1	01-Normé	01-Normé	f	s	_	plein	e	_	plein	e	_	0	0	0
CO-3e-2016-VTAC305-D1-R24-V1_3EME	CO-3e-2016-VTAC305-D1-R24-V1		3EME	674	502	panique	ADJ	panique	panique	506	1	01-Normé	01-Normé	f	s	_
CO-3e-2016-VTAC305-D1-R24-V1_3EME	CO-3e-2016-VTAC305-D1-R24-V1		3EME	674	521	grand	ADJ	grand	grand	525	1	01-Normé	01-Normé	m	s	_	grand	_	_	grand	_	_	0	0	0
CO-3e-2018-VTAC305-D1-R13-V1_3EME	CO-3e-2018-VTAC305-D1-R13-V1		3EME	298	10	nouveau	ADJ	nouvelle	nouvelle	10	1	01-Normé	01-Normé	f	s	_	nouvell	e	_	nouvell	e	_	0	0	0
CO-3e-2018-VTAC305-D1-R13-V1_3EME	CO-3e-2018-VTAC305-D1-R13-V1		3EME	298	56	étrange	ADJ	étrange	étrange	56	1	01-Normé	01-Normé	_	s	_	étrange	_	_	étrange	_	_	0	0	0
CO-3e-2018-VTAC305-D1-R13-V1_3EME	CO-3e-2018-VTAC305-D1-R13-V1		3EME	298	59	sombre	ADJ	sombre	sombre	59	1	01-Normé	01-Normé	_	s	_	sombre	_	_	sombre	_	_	0	0	0
CO-3e-2018-VTAC305-D1-R13-V1_3EME	CO-3e-2018-VTAC305-D1-R13-V1		3EME	298	87	seul	ADJ	seule	seul	87	1	02-Phono	01-Normé	f	s	_	seul	e	_	seul	_	_	0	1	0
CO-3e-2018-VTAC305-D1-R13-V1_3EME	CO-3e-2018-VTAC305-D1-R13-V1		3EME	298	110	seul	ADJ	seule	seule	110	1	01-Normé	01-Normé	f	s	_	seul	e	_	seul	e	_	0	0	0
CO-3e-2018-VTAC305-D1-R13-V1_3EME	CO-3e-2018-VTAC305-D1-R13-V1		3EME	298	126	grand	ADJ	grandes	grandes	126	1	01-Normé	01-Normé	f	p	_	grand	e	s	grand	e	s	0	0	0
CO-3e-2018-VTAC305-D1-R13-V1_3EME	CO-3e-2018-VTAC305-D1-R13-V1		3EME	298	155	grand	ADJ	grand	grand	155	1	01-Normé	01-Normé	m	s	_	grand	_	_	grand	_	_	0	0	0
CO-3e-2018-VTAC305-D1-R13-V1_3EME	CO-3e-2018-VTAC305-D1-R13-V1		3EME	298	177	petit	ADJ	petite	petite	177	1	01-Normé	01-Normé	f	s	_	petit	e	_	petit	e	_	0	0	0
CO-3e-2018-VTAC305-D1-R13-V1_3EME	CO-3e-2018-VTAC305-D1-R13-V1		3EME	298	195	petit	ADJ	petit	petit	195	1	01-Normé	01-Normé	m	s	_	petit	_	_	petit	_	_	0	0	0
CO-3e-2018-VTAC305-D1-R13-V1_3EME	CO-3e-2018-VTAC305-D1-R13-V1		3EME	298	199	petit	ADJ	petite	petite	199	1	01-Normé	01-Normé	f	s	_	petit	e	_	petit	e	_	0	0	0
CO-3e-2018-VTAC305-D1-R13-V1_3EME	CO-3e-2018-VTAC305-D1-R13-V1		3EME	298	213	intrigant	ADJ	intrigante	intriguante	213	1	02-Phono	01-Normé	f	s	_	intrigant	e	_	intriguant	e	_	1	0	0
CO-3e-2018-VTAC305-D1-R13-V1_3EME	CO-3e-2018-VTAC305-D1-R13-V1		3EME	298	241	grand	ADJ	grand	grand	241	1	01-Normé	01-Normé	m	s	_	grand	_	_	grand	_	_	0	0	0
CO-3e-2018-VTAC305-D1-R13-V1_3EME	CO-3e-2018-VTAC305-D1-R13-V1		3EME	298	247	vieux	ADJ	vieille	vielle	247	1	04-ApproxGraphique	01-Normé	f	s	_	vieill	e	_	viell	e	_	1	0	0
